INSERT INTO `deployable` VALUES ('1748', 'TentStorage');
INSERT INTO `deployable` VALUES ('2', 'TrapBear');
INSERT INTO `deployable` VALUES ('3', 'Wire_cat1');
INSERT INTO `deployable` VALUES ('4', 'Hedgehog_DZ');
INSERT INTO `deployable` VALUES ('5', 'Sandbag1_DZ');
INSERT INTO `object_classes` VALUES ('ATV_US_EP1', '0.70', '1', '0.05000', '[[\`motor\`,0.8],[\`karoserie\`,1],[\`palivo\`,0.8],[\`wheel_1_1_steering\`,1],[\`wheel_2_1_steering\`,1],[\`wheel_1_2_steering\`,1],[\`wheel_2_2_steering\`,1],[\`sklo predni P\`,1],[\`sklo predni L\`,1],[\`glass1\`,1],[\`glass2\`,1],[\`glass3\`,1]]');
INSERT INTO `object_classes` VALUES ('car_hatchback', '0.73', '2', '0.05000', '[[\`motor\`,0.8],[\`karoserie\`,1],[\`palivo\`,0.8],[\`wheel_1_1_steering\`,1],[\`wheel_2_1_steering\`,1],[\`wheel_1_2_steering\`,1],[\`wheel_2_2_steering\`,1],[\`sklo predni P\`,1],[\`sklo predni L\`,1],[\`glass1\`,1],[\`glass2\`,1],[\`glass3\`,1]]');
INSERT INTO `object_classes` VALUES ('datsun1_civil_3_open', '0.75', '8', '0.05000', '[[\`motor\`,0.8],[\`karoserie\`,1],[\`palivo\`,0.8],[\`wheel_1_1_steering\`,1],[\`wheel_2_1_steering\`,1],[\`wheel_1_2_steering\`,1],[\`wheel_2_2_steering\`,1],[\`sklo predni P\`,1],[\`sklo predni L\`,1],[\`glass1\`,1],[\`glass2\`,1],[\`glass3\`,1]]');
INSERT INTO `object_classes` VALUES ('Fishing_Boat_DZ', '0.9', '7', '0.05000', '[[\`motor\`,0.8]]');
INSERT INTO `object_classes` VALUES ('Ikarus', '0.66', '10', '0.05000', '[[\`motor\`,0.8],[\`karoserie\`,1],[\`palivo\`,0.8],[\`wheel_1_1_steering\`,1],[\`wheel_2_1_steering\`,1],[\`wheel_1_2_steering\`,1],[\`wheel_2_2_steering\`,1],[\`sklo predni P\`,1],[\`sklo predni L\`,1],[\`glass1\`,1],[\`glass2\`,1],[\`glass3\`,1]]');
INSERT INTO `object_classes` VALUES ('Old_bike_TK_CIV_EP1', '0.64', '39', '0.05000', '[]');
INSERT INTO `object_classes` VALUES ('S1203_TK_CIV_EP1', '0.69', '3', '0.05000', '[[\`motor\`,0.8],[\`karoserie\`,1],[\`palivo\`,0.8],[\`wheel_1_1_steering\`,1],[\`wheel_2_1_steering\`,1],[\`wheel_1_2_steering\`,1],[\`wheel_2_2_steering\`,1],[\`sklo predni P\`,1],[\`sklo predni L\`,1],[\`glass1\`,1],[\`glass2\`,1],[\`glass3\`,1]]');
INSERT INTO `object_classes` VALUES ('Skoda', '0.68', '5', '0.05000', '[[\`motor\`,0.8],[\`karoserie\`,1],[\`palivo\`,0.8],[\`wheel_1_1_steering\`,1],[\`wheel_2_1_steering\`,1],[\`wheel_1_2_steering\`,1],[\`wheel_2_2_steering\`,1],[\`sklo predni P\`,1],[\`sklo predni L\`,1],[\`glass1\`,1],[\`glass2\`,1],[\`glass3\`,1]]');
INSERT INTO `object_classes` VALUES ('tractor', '0.7', '7', '0.05000', '[[\`motor\`,0.8],[\`karoserie\`,1],[\`palivo\`,0.8],[\`wheel_1_1_steering\`,1],[\`wheel_2_1_steering\`,1],[\`wheel_1_2_steering\`,1],[\`wheel_2_2_steering\`,1],[\`sklo predni P\`,1],[\`sklo predni L\`,1],[\`glass1\`,1],[\`glass2\`,1],[\`glass3\`,1]]');
INSERT INTO `object_classes` VALUES ('TT650_TK_CIV_EP1', '0.72', '7', '0.05000', '[[\`motor\`,0.8],[\`karoserie\`,1],[\`palivo\`,0.8],[\`wheel_1_1_steering\`,1],[\`wheel_2_1_steering\`,1],[\`wheel_1_2_steering\`,1],[\`wheel_2_2_steering\`,1],[\`sklo predni P\`,1],[\`sklo predni L\`,1],[\`glass1\`,1],[\`glass2\`,1],[\`glass3\`,1]]');
INSERT INTO `object_classes` VALUES ('UAZ_RU', '0.7', '10', '0.05000', '[[\`motor\`,0.8],[\`karoserie\`,1],[\`palivo\`,0.8],[\`wheel_1_1_steering\`,1],[\`wheel_2_1_steering\`,1],[\`wheel_1_2_steering\`,1],[\`wheel_2_2_steering\`,1],[\`sklo predni P\`,1],[\`sklo predni L\`,1],[\`glass1\`,1],[\`glass2\`,1],[\`glass3\`,1]]');
INSERT INTO `object_classes` VALUES ('UH1H_Ori', '0.59', '7', '0.05000', '[[\`motor\`,0.8],[\`karoserie\`,1],[\`palivo\`,0.8],[\`elektronika\`,0.8],[\`mala vrtule\`,0.8],[\`velka vrtule\`,0.8],[\`sklo predni P\`,1],[\`sklo predni L\`,1],[\`glass1\`,1],[\`glass3\`,1]]');
INSERT INTO `object_classes` VALUES ('UralCivil2', '0.67', '2', '0.05000', '[[\`motor\`,0.8],[\`karoserie\`,1],[\`palivo\`,0.8],[\`wheel_1_1_steering\`,1],[\`wheel_2_1_steering\`,1],[\`wheel_1_2_steering\`,1],[\`wheel_2_2_steering\`,1],[\`sklo predni P\`,1],[\`sklo predni L\`,1],[\`glass1\`,1],[\`glass2\`,1],[\`glass3\`,1]]');
INSERT INTO `object_classes` VALUES ('V3S_Civ', '0.66', '5', '0.05000', '[[\`motor\`,0.8],[\`karoserie\`,1],[\`palivo\`,0.8],[\`wheel_1_1_steering\`,1],[\`wheel_2_1_steering\`,1],[\`wheel_1_2_steering\`,1],[\`wheel_2_2_steering\`,1],[\`sklo predni P\`,1],[\`sklo predni L\`,1],[\`glass1\`,1],[\`glass2\`,1],[\`glass3\`,1]]');
INSERT INTO `object_classes` VALUES ('Volha_2_TK_CIV_EP1', '0.71', '3', '0.05000', '[[\`motor\`,0.8],[\`karoserie\`,1],[\`palivo\`,0.8],[\`wheel_1_1_steering\`,1],[\`wheel_2_1_steering\`,1],[\`wheel_1_2_steering\`,1],[\`wheel_2_2_steering\`,1],[\`sklo predni P\`,1],[\`sklo predni L\`,1],[\`glass1\`,1],[\`glass2\`,1],[\`glass3\`,1]]');
INSERT INTO `object_classes` VALUES ('PBX_Ori', '0.4', '5', '0.05000', '[[\`motor\`,0.8]]');
INSERT INTO `object_classes` VALUES ('AN2_Ori', '0.05', '3', '0.05000', '[]');
INSERT INTO `object_classes` VALUES ('ATV_CZ_EP1', '0.70', '19', '0.05000', '[[\`motor\`,0.8],[\`karoserie\`,1],[\`palivo\`,0.8],[\`wheel_1_1_steering\`,1],[\`wheel_2_1_steering\`,1],[\`wheel_1_2_steering\`,1],[\`wheel_2_2_steering\`,1],[\`sklo predni P\`,1],[\`sklo predni L\`,1],[\`glass1\`,1],[\`glass2\`,1],[\`glass3\`,1]]');
INSERT INTO `object_classes` VALUES ('car_sedan', '0.7', '4', '0.05000', '[[\`motor\`,0.8],[\`karoserie\`,1],[\`palivo\`,0.8],[\`wheel_1_1_steering\`,1],[\`wheel_2_1_steering\`,1],[\`wheel_1_2_steering\`,1],[\`wheel_2_2_steering\`,1],[\`sklo predni P\`,1],[\`sklo predni L\`,1],[\`glass1\`,1],[\`glass2\`,1],[\`glass3\`,1]]');
INSERT INTO `object_classes` VALUES ('datsun1_civil_2_covered', '0.7', '2', '0.05000', '[[\`motor\`,0.8],[\`karoserie\`,1],[\`palivo\`,0.8],[\`wheel_1_1_steering\`,1],[\`wheel_2_1_steering\`,1],[\`wheel_1_2_steering\`,1],[\`wheel_2_2_steering\`,1],[\`sklo predni P\`,1],[\`sklo predni L\`,1],[\`glass1\`,1],[\`glass2\`,1],[\`glass3\`,1]]');
INSERT INTO `object_classes` VALUES ('hilux1_civil_1_open', '0.70', '4', '0.05000', '[[\`motor\`,0.8],[\`karoserie\`,1],[\`palivo\`,0.8],[\`wheel_1_1_steering\`,1],[\`wheel_2_1_steering\`,1],[\`wheel_1_2_steering\`,1],[\`wheel_2_2_steering\`,1],[\`sklo predni P\`,1],[\`sklo predni L\`,1],[\`glass1\`,1],[\`glass2\`,1],[\`glass3\`,1]]');
INSERT INTO `object_classes` VALUES ('hilux1_civil_2_covered', '0.70', '4', '0.05000', '[[\`motor\`,0.8],[\`karoserie\`,1],[\`palivo\`,0.8],[\`wheel_1_1_steering\`,1],[\`wheel_2_1_steering\`,1],[\`wheel_1_2_steering\`,1],[\`wheel_2_2_steering\`,1],[\`sklo predni P\`,1],[\`sklo predni L\`,1],[\`glass1\`,1],[\`glass2\`,1],[\`glass3\`,1]]');
INSERT INTO `object_classes` VALUES ('hilux1_civil_3_open_EP1', '0.70', '7', '0.05000', '[[\`motor\`,0.8],[\`karoserie\`,1],[\`palivo\`,0.8],[\`wheel_1_1_steering\`,1],[\`wheel_2_1_steering\`,1],[\`wheel_1_2_steering\`,1],[\`wheel_2_2_steering\`,1],[\`sklo predni P\`,1],[\`sklo predni L\`,1],[\`glass1\`,1],[\`glass2\`,1],[\`glass3\`,1]]');
INSERT INTO `object_classes` VALUES ('Ikarus_TK_CIV_EP1', '0.7', '3', '0.05000', '[]');
INSERT INTO `object_classes` VALUES ('Lada1', '0.70', '3', '0.05000', '[[\`motor\`,0.8],[\`karoserie\`,1],[\`palivo\`,0.8],[\`wheel_1_1_steering\`,1],[\`wheel_2_1_steering\`,1],[\`wheel_1_2_steering\`,1],[\`wheel_2_2_steering\`,1],[\`sklo predni P\`,1],[\`sklo predni L\`,1],[\`glass1\`,1],[\`glass2\`,1],[\`glass3\`,1]]');
INSERT INTO `object_classes` VALUES ('Lada1_TK_CIV_EP1', '0.70', '3', '0.05000', '[[\`motor\`,0.8],[\`karoserie\`,1],[\`palivo\`,0.8],[\`wheel_1_1_steering\`,1],[\`wheel_2_1_steering\`,1],[\`wheel_1_2_steering\`,1],[\`wheel_2_2_steering\`,1],[\`sklo predni P\`,1],[\`sklo predni L\`,1],[\`glass1\`,1],[\`glass2\`,1],[\`glass3\`,1]]');
INSERT INTO `object_classes` VALUES ('Lada2_TK_CIV_EP1', '0.70', '3', '0.05000', '[[\`motor\`,0.8],[\`karoserie\`,1],[\`palivo\`,0.8],[\`wheel_1_1_steering\`,1],[\`wheel_2_1_steering\`,1],[\`wheel_1_2_steering\`,1],[\`wheel_2_2_steering\`,1],[\`sklo predni P\`,1],[\`sklo predni L\`,1],[\`glass1\`,1],[\`glass2\`,1],[\`glass3\`,1]]');
INSERT INTO `object_classes` VALUES ('LadaLM', '0.70', '5', '0.05000', '[[\`motor\`,0.8],[\`karoserie\`,1],[\`palivo\`,0.8],[\`wheel_1_1_steering\`,1],[\`wheel_2_1_steering\`,1],[\`wheel_1_2_steering\`,1],[\`wheel_2_2_steering\`,1],[\`sklo predni P\`,1],[\`sklo predni L\`,1],[\`glass1\`,1],[\`glass2\`,1],[\`glass3\`,1]]');
INSERT INTO `object_classes` VALUES ('LandRover_CZ_EP1', '0.70', '1', '0.05000', '[[\`motor\`,0.8],[\`karoserie\`,1],[\`palivo\`,0.8],[\`wheel_1_1_steering\`,1],[\`wheel_2_1_steering\`,1],[\`wheel_1_2_steering\`,1],[\`wheel_2_2_steering\`,1],[\`sklo predni P\`,1],[\`sklo predni L\`,1],[\`glass1\`,1],[\`glass2\`,1],[\`glass3\`,1]]');
INSERT INTO `object_classes` VALUES ('LandRover_TK_CIV_EP1', '0.70', '2', '0.05000', '[[\`motor\`,0.8],[\`karoserie\`,1],[\`palivo\`,0.8],[\`wheel_1_1_steering\`,1],[\`wheel_2_1_steering\`,1],[\`wheel_1_2_steering\`,1],[\`wheel_2_2_steering\`,1],[\`sklo predni P\`,1],[\`sklo predni L\`,1],[\`glass1\`,1],[\`glass2\`,1],[\`glass3\`,1]]');
INSERT INTO `object_classes` VALUES ('Mi17_Civilian_Ori', '0.70', '6', '0.05000', '[[\`motor\`,0.8],[\`karoserie\`,1],[\`palivo\`,0.8],[\`elektronika\`,0.8],[\`mala vrtule\`,0.8],[\`velka vrtule\`,0.8],[\`sklo predni P\`,1],[\`sklo predni L\`,1],[\`glass1\`,1],[\`glass3\`,1]]');
INSERT INTO `object_classes` VALUES ('MMT_Civ', '0.70', '18', '0.05000', '[]');
INSERT INTO `object_classes` VALUES ('Old_moto_TK_Civ_EP1', '0.70', '6', '0.05000', '[[\`motor\`,0.8],[\`karoserie\`,1],[\`palivo\`,0.8],[\`wheel_1_1_steering\`,1],[\`wheel_2_1_steering\`,1],[\`wheel_1_2_steering\`,1],[\`wheel_2_2_steering\`,1],[\`sklo predni P\`,1],[\`sklo predni L\`,1],[\`glass1\`,1],[\`glass2\`,1],[\`glass3\`,1]]');
INSERT INTO `object_classes` VALUES ('SUV_Special', '0.7', '10', '0.05', '[[\`motor\`,0.8],[\`karoserie\`,1],[\`palivo\`,0.8],[\`wheel_1_1_steering\`,1],[\`wheel_2_1_steering\`,1],[\`wheel_1_2_steering\`,1],[\`wheel_2_2_steering\`,1],[\`sklo predni P\`,1],[\`sklo predni L\`,1],[\`glass1\`,1],[\`glass2\`,1],[\`glass3\`,1]]');
INSERT INTO `object_classes` VALUES ('SkodaBlue', '0.70', '2', '0.05000', '[[\`motor\`,0.8],[\`karoserie\`,1],[\`palivo\`,0.8],[\`wheel_1_1_steering\`,1],[\`wheel_2_1_steering\`,1],[\`wheel_1_2_steering\`,1],[\`wheel_2_2_steering\`,1],[\`sklo predni P\`,1],[\`sklo predni L\`,1],[\`glass1\`,1],[\`glass2\`,1],[\`glass3\`,1]]');
INSERT INTO `object_classes` VALUES ('SkodaGreen', '0.70', '2', '0.05000', '[[\`motor\`,0.8],[\`karoserie\`,1],[\`palivo\`,0.8],[\`wheel_1_1_steering\`,1],[\`wheel_2_1_steering\`,1],[\`wheel_1_2_steering\`,1],[\`wheel_2_2_steering\`,1],[\`sklo predni P\`,1],[\`sklo predni L\`,1],[\`glass1\`,1],[\`glass2\`,1],[\`glass3\`,1]]');
INSERT INTO `object_classes` VALUES ('SkodaRed', '0.70', '2', '0.05000', '[[\`motor\`,0.8],[\`karoserie\`,1],[\`palivo\`,0.8],[\`wheel_1_1_steering\`,1],[\`wheel_2_1_steering\`,1],[\`wheel_1_2_steering\`,1],[\`wheel_2_2_steering\`,1],[\`sklo predni P\`,1],[\`sklo predni L\`,1],[\`glass1\`,1],[\`glass2\`,1],[\`glass3\`,1]]');
INSERT INTO `object_classes` VALUES ('Smallboat_1_DZ', '0.70', '0', '0.05000', '[[\`motor\`,0.8]]');
INSERT INTO `object_classes` VALUES ('Smallboat_2_DZ', '0.70', '0', '0.05000', '[[\`motor\`,0.8]]');
INSERT INTO `object_classes` VALUES ('TowingTractor', '0.70', '2', '0.05000', '[[\`motor\`,0.8],[\`karoserie\`,1],[\`palivo\`,0.8],[\`wheel_1_1_steering\`,1],[\`wheel_2_1_steering\`,1],[\`wheel_1_2_steering\`,1],[\`wheel_2_2_steering\`,1],[\`sklo predni P\`,1],[\`sklo predni L\`,1],[\`glass1\`,1],[\`glass2\`,1],[\`glass3\`,1]]');
INSERT INTO `object_classes` VALUES ('TT650_Gue', '0.7', '6', '0.05000', '[[\`motor\`,0.8],[\`karoserie\`,1],[\`palivo\`,0.8],[\`wheel_1_1_steering\`,1],[\`wheel_2_1_steering\`,1],[\`wheel_1_2_steering\`,1],[\`wheel_2_2_steering\`,1],[\`sklo predni P\`,1],[\`sklo predni L\`,1],[\`glass1\`,1],[\`glass2\`,1],[\`glass3\`,1]]');
INSERT INTO `object_classes` VALUES ('TT650_Ins', '0.7', '1', '0.05000', '[[\`motor\`,0.8],[\`karoserie\`,1],[\`palivo\`,0.8],[\`wheel_1_1_steering\`,1],[\`wheel_2_1_steering\`,1],[\`wheel_1_2_steering\`,1],[\`wheel_2_2_steering\`,1],[\`sklo predni P\`,1],[\`sklo predni L\`,1],[\`glass1\`,1],[\`glass2\`,1],[\`glass3\`,1]]');
INSERT INTO `object_classes` VALUES ('UAZ_Unarmed_TK_CIV_EP1', '0.7', '1', '0.05000', '[[\`motor\`,0.8],[\`karoserie\`,1],[\`palivo\`,0.8],[\`wheel_1_1_steering\`,1],[\`wheel_2_1_steering\`,1],[\`wheel_1_2_steering\`,1],[\`wheel_2_2_steering\`,1],[\`sklo predni P\`,1],[\`sklo predni L\`,1],[\`glass1\`,1],[\`glass2\`,1],[\`glass3\`,1]]');
INSERT INTO `object_classes` VALUES ('UAZ_Unarmed_TK_EP1', '0.7', '3', '0.05000', '[[\`motor\`,0.8],[\`karoserie\`,1],[\`palivo\`,0.8],[\`wheel_1_1_steering\`,1],[\`wheel_2_1_steering\`,1],[\`wheel_1_2_steering\`,1],[\`wheel_2_2_steering\`,1],[\`sklo predni P\`,1],[\`sklo predni L\`,1],[\`glass1\`,1],[\`glass2\`,1],[\`glass3\`,1]]');
INSERT INTO `object_classes` VALUES ('VWGolf', '0.7', '4', '0.05000', '[[\`motor\`,0.8],[\`karoserie\`,1],[\`palivo\`,0.8],[\`wheel_1_1_steering\`,1],[\`wheel_2_1_steering\`,1],[\`wheel_1_2_steering\`,1],[\`wheel_2_2_steering\`,1],[\`sklo predni P\`,1],[\`sklo predni L\`,1],[\`glass1\`,1],[\`glass2\`,1],[\`glass3\`,1]]');
INSERT INTO `object_classes` VALUES ('VolhaLimo_TK_CIV_EP1', '0.5', '6', '0.05000', '[[\`motor\`,0.8],[\`karoserie\`,1],[\`palivo\`,0.8],[\`wheel_1_1_steering\`,1],[\`wheel_2_1_steering\`,1],[\`wheel_1_2_steering\`,1],[\`wheel_2_2_steering\`,1],[\`sklo predni P\`,1],[\`sklo predni L\`,1],[\`glass1\`,1],[\`glass2\`,1],[\`glass3\`,1]]');
INSERT INTO `object_classes` VALUES ('UralCivil', '0.7', '2', '0.05000', '[[\`motor\`,0.8],[\`karoserie\`,1],[\`palivo\`,0.8],[\`wheel_1_1_steering\`,1],[\`wheel_2_1_steering\`,1],[\`wheel_1_2_steering\`,1],[\`wheel_2_2_steering\`,1],[\`sklo predni P\`,1],[\`sklo predni L\`,1],[\`glass1\`,1],[\`glass2\`,1],[\`glass3\`,1]]');
INSERT INTO `object_classes` VALUES ('Mi17_Ori', '0.7', '5', '0.05', '[[\`motor\`,0.8],[\`karoserie\`,1],[\`palivo\`,0.8],[\`elektronika\`,0.8],[\`mala vrtule\`,0.8],[\`velka vrtule\`,0.8],[\`sklo predni P\`,1],[\`sklo predni L\`,1],[\`glass1\`,1],[\`glass3\`,1]]');
INSERT INTO `object_classes` VALUES ('AH6X_Ori', '0.7', '5', '0.05', '[[\`motor\`,0.8],[\`karoserie\`,1],[\`palivo\`,0.8],[\`elektronika\`,0.8],[\`mala vrtule\`,0.8],[\`velka vrtule\`,0.8],[\`sklo predni P\`,1],[\`sklo predni L\`,1],[\`glass1\`,1],[\`glass3\`,1]]');
INSERT INTO `object_classes` VALUES ('small', '0.7', '5', '0.05', '[[\`motor\`,0.8],[\`karoserie\`,1],[\`palivo\`,0.8],[\`wheel_1_1_steering\`,1],[\`wheel_2_1_steering\`,1],[\`wheel_1_2_steering\`,1],[\`wheel_2_2_steering\`,1],[\`sklo predni P\`,1],[\`sklo predni L\`,1],[\`glass1\`,1],[\`glass2\`,1],[\`glass3\`,1]]');
INSERT INTO `object_classes` VALUES ('UAZ_MG_Ori', '0.7', '7', '0.05', '[[\`motor\`,0.8],[\`karoserie\`,1],[\`palivo\`,0.8],[\`wheel_1_1_steering\`,1],[\`wheel_2_1_steering\`,1],[\`wheel_1_2_steering\`,1],[\`wheel_2_2_steering\`,1],[\`sklo predni P\`,1],[\`sklo predni L\`,1],[\`glass1\`,1],[\`glass2\`,1],[\`glass3\`,1]]');
INSERT INTO `object_classes` VALUES ('Zodiac_Ori', '0.5', '2', '0.05', '[[\`motor\`,0.8]]');
INSERT INTO `object_classes` VALUES ('TT650_Civ', '0.7', '3', '0.05', '[[\`motor\`,0.8],[\`karoserie\`,1],[\`palivo\`,0.8],[\`wheel_1_1_steering\`,1],[\`wheel_2_1_steering\`,1],[\`wheel_1_2_steering\`,1],[\`wheel_2_2_steering\`,1],[\`sklo predni P\`,1],[\`sklo predni L\`,1],[\`glass1\`,1],[\`glass2\`,1],[\`glass3\`,1]]');
INSERT INTO `object_classes` VALUES ('Ural_TK_CIV_EP1', '0.7', '2', '0.05', '[[\`motor\`,0.8],[\`karoserie\`,1],[\`palivo\`,0.8],[\`wheel_1_1_steering\`,1],[\`wheel_2_1_steering\`,1],[\`wheel_1_2_steering\`,1],[\`wheel_2_2_steering\`,1],[\`sklo predni P\`,1],[\`sklo predni L\`,1],[\`glass1\`,1],[\`glass2\`,1],[\`glass3\`,1]]');
INSERT INTO `object_classes` VALUES ('ori_vil_truck_civ_base', '0.7', '2', '0.05', '[[\`motor\`,0.8],[\`karoserie\`,1],[\`palivo\`,0.8],[\`wheel_1_1_steering\`,1],[\`wheel_2_1_steering\`,1],[\`wheel_1_2_steering\`,1],[\`wheel_2_2_steering\`,1],[\`sklo predni P\`,1],[\`sklo predni L\`,1],[\`glass1\`,1],[\`glass2\`,1],[\`glass3\`,1]]');
INSERT INTO `object_classes` VALUES ('ori_ScrapBuggy', '0.5', '13', '0.05', '[[\`motor\`,0.8],[\`karoserie\`,0.6],[\`palivo\`,0.5],[\`wheel_1_1_steering\`,1],[\`wheel_2_2_steering\`,1],[\`front_plow\`,1]]');
INSERT INTO `object_classes` VALUES ('ori_survivorBus', '0.5', '14', '0.05', '[[\`motor\`,0.8],[\`karoserie\`,1],[\`palivo\`,0.8],[\`wheel_1_1_steering\`,1],[\`wheel_2_1_steering\`,1],[\`wheel_1_2_steering\`,1],[\`wheel_2_2_steering\`,1],[\`sklo predni P\`,1],[\`sklo predni L\`,1],[\`glass1\`,1],[\`glass2\`,1],[\`glass3\`,1],[\`front_plow\`,1],[\`wheel_guards\`,1],[\`window_guards\`,1],[\`windshield_guard\`,1]]');
INSERT INTO `object_classes` VALUES ('ori_scrapTank', '0.5', '31', '0.05', '[[\`motor\`,0.8],[\`karoserie\`,1],[\`palivo\`,0.8],[\`wheel_1_1_steering\`,1],[\`wheel_2_1_steering\`,1],[\`wheel_1_2_steering\`,1],[\`wheel_2_2_steering\`,1],[\`sklo predni P\`,1],[\`sklo predni L\`,1],[\`glass1\`,1],[\`glass2\`,1],[\`glass3\`,1]]');
INSERT INTO `object_classes` VALUES ('ori_pragaCopter_green', '0.5', '5', '0.05', '[[\`motor\`,0.8],[\`karoserie\`,1],[\`palivo\`,0.8],[\`elektronika\`,0.8],[\`mala vrtule\`,0.8],[\`velka vrtule\`,0.8],[\`sklo predni P\`,1],[\`sklo predni L\`,1],[\`glass1\`,1],[\`glass3\`,1]]');
INSERT INTO `object_classes` VALUES ('ori_pragaCopter_yellow', '0.5', '6', '0.05', '[[\`motor\`,0.8],[\`karoserie\`,1],[\`palivo\`,0.8],[\`elektronika\`,0.8],[\`mala vrtule\`,0.8],[\`velka vrtule\`,0.8],[\`sklo predni P\`,1],[\`sklo predni L\`,1],[\`glass1\`,1],[\`glass3\`,1]]');
INSERT INTO `object_classes` VALUES ('ori_bigRaft', '0.5', '15', '0.05', '[[\`motor\`,0.8]]');
INSERT INTO `object_classes` VALUES ('ori_submarine', '0.5', '4', '0.05', '[[\`motor\`,0.8]]');
INSERT INTO `object_classes` VALUES ('Ori_DC3', '0.9', '1', '0.05', '[]');
INSERT INTO `object_classes` VALUES ('ori_p85_originsmod_cucv_pickup', '0.7', '5', '0.05', '[[\`sklo_p\`,1],[\`sklo_p1\`,1],[\`sklo_l1\`,1],[\`sklo_z\`,0.4],[\`levy predni tlumic\`,1],[\`levy zadni tlumic\`,0.1],[\`pravy predni tlumic\`,1],[\`karoserie\`,0.7],[\`palivo\`,0.8],[\`motor\`,0.6],[\`front_plow\`,1],[\`wheel_guards\`,1],[\`window_guards\`,1],[\`windshield_guard\`,1]]');
INSERT INTO `object_classes` VALUES ('ori_p85_originsmod_CUCV', '0.7', '4', '0.05', '[[\`sklo_p\`,1],[\`sklo_p1\`,1],[\`sklo_p2\`,0.6],[\`sklo_l1\`,1],[\`sklo_l2\`,0.5],[\`sklo_z\`,1],[\`levy zadni tlumic\`,1],[\`pravy predni tlumic\`,1],[\`karoserie\`,0.7],[\`palivo\`,0.4],[\`front_plow\`,1],[\`wheel_guards\`,1],[\`window_guards\`,1],[\`windshield_guard\`,1]]');
INSERT INTO `object_classes` VALUES ('ori_vil_originsmod_volvo_fl290', '0.7', '6', '0.05', '[[\`sklo_p\`,0.7],[\`sklo_p1\`,1],[\`sklo_p2\`,0.9],[\`sklo_p3\`,0.3],[\`sklo_l1\`,0.1],[\`sklo_l2\`,0.1],[\`sklo_l3\`,1],[\`levy predni tlumic\`,0.5],[\`levy zadni tlumic\`,0.1],[\`pravy predni tlumic\`,0.2],[\`karoserie\`,0.1],[\`palivo\`,0.6],[\`motor\`,1],[\`front_plow\`,1],[\`wheel_guards\`,1],[\`window_guards\`,1],[\`windshield_guard\`,1]]');
INSERT INTO `object_classes` VALUES ('ori_vil_originsmod_truck_civ2', '0.7', '4', '0', '[[\`sklo_p\`,1],[\`sklo_p1\`,1],[\`sklo_l1\`,0.7],[\`levy predni tlumic\`,0.1],[\`levy zadni tlumic\`,0.1],[\`pravy predni tlumic\`,0.3],[\`pravy zadni tlumic\`,1],[\`karoserie\`,0.7],[\`palivo\`,0.6],[\`motor\`,0.5],[\`front_plow\`,1],[\`wheel_guards\`,1],[\`window_guards\`,1],[\`windshield_guard\`,1]]');
INSERT INTO `object_classes` VALUES ('ori_vil_originsmod_truck_civ1', '0.7', '4', '0', '[[\`sklo_p\`,1],[\`sklo_p1\`,0.8],[\`sklo_l1\`,0.3],[\`levy predni tlumic\`,1],[\`levy zadni tlumic\`,1],[\`pravy predni tlumic\`,1],[\`pravy zadni tlumic\`,1],[\`karoserie\`,0.4],[\`palivo\`,1],[\`motor\`,0.7],[\`front_plow\`,1],[\`wheel_guards\`,1],[\`window_guards\`,1],[\`windshield_guard\`,1]]');
INSERT INTO `object_classes` VALUES ('ori_vil_originsmod_truck_civ', '0.7', '4', '0', '[[\`sklo_p\`,1],[\`sklo_p1\`,1],[\`sklo_l1\`,1],[\`levy predni tlumic\`,1],[\`levy zadni tlumic\`,1],[\`pravy zadni tlumic\`,1],[\`karoserie\`,0.9],[\`palivo\`,0.6],[\`motor\`,0.2],[\`front_plow\`,1],[\`wheel_guards\`,1],[\`window_guards\`,1],[\`windshield_guard\`,1]]');
INSERT INTO `object_classes` VALUES ('ori_vil_originsmod_lublin_truck', '0.7', '4', '0', '[[\`sklo_p\`,1],[\`sklo_p1\`,1],[\`sklo_l1\`,1],[\`levy predni tlumic\`,1],[\`levy zadni tlumic\`,0.2],[\`pravy predni tlumic\`,1],[\`pravy zadni tlumic\`,1],[\`karoserie\`,0.7],[\`palivo\`,0.2],[\`sklo predni P\`,1],[\`motor\`,0.7],[\`front_plow\`,1],[\`wheel_guards\`,1],[\`window_guards\`,1],[\`windshield_guard\`,1]]');
INSERT INTO `object_classes` VALUES ('ori_titanic', '0.7', '15', '0.05', '[[\`LF_hit\`,1],[\`LM_hit\`,1],[\`LB_hit\`,0.4],[\`RF_hit\`,1],[\`RM_hit\`,1],[\`RB_hit\`,1],[\`motor\`,0.8]]');
INSERT INTO `object_classes` VALUES ('ori_rth_originsmod_bathmobile', '0.7', '15', '0.05', '[[\`motor\`,0.8],[\`karoserie\`,1],[\`palivo\`,0.8],[\`wheel_1_1_steering\`,1],[\`wheel_2_1_steering\`,1],[\`wheel_1_2_steering\`,1],[\`wheel_2_2_steering\`,1],[\`sklo predni P\`,1],[\`sklo predni L\`,1],[\`front_plow\`,1],[\`wheel_guards\`,1],[\`windshield_guard\`,1]]');
INSERT INTO `object_classes` VALUES ('ori_smallRaft', '0.5', '14', '0.05', '[[\`motor\`,0.8]]');
INSERT INTO `object_classes` VALUES ('ori_excavator', '0.9', '3', '0.05000', '[[\`motor\`,0.8],[\`karoserie\`,1],[\`palivo\`,0.8],[\`wheel_1_1_steering\`,1],[\`wheel_2_1_steering\`,1],[\`wheel_1_2_steering\`,1],[\`wheel_2_2_steering\`,1],[\`sklo predni P\`,1],[\`sklo predni L\`,1],[\`glass1\`,1],[\`glass2\`,1],[\`glass3\`,1]]');
INSERT INTO `object_classes` VALUES ('ORI_gunship_helicopter', '0.90', '1', '0.05000', '[[\`motor\`,0.8],[\`motor1\`,0.8],[\`motor2\`,0.8],[\`motor3\`,0.8],[\`motor4\`,0.8],[\`karoserie\`,1],[\`palivo\`,0.8],[\`elektronika\`,0.8],[\`mala vrtule\`,0.8],[\`sklo predni P\`,1],[\`sklo predni L\`,1],[\`glass1\`,1],[\`glass3\`,1]]');
INSERT INTO `object_classes` VALUES ('HC3_Merlin_Ori', '0.7', '5', '0.05', '[[\`motor\`,0.8],[\`karoserie\`,1],[\`palivo\`,0.8],[\`elektronika\`,0.8],[\`mala vrtule\`,0.8],[\`velka vrtule\`,0.8],[\`sklo predni P\`,1],[\`sklo predni L\`,1],[\`glass1\`,1],[\`glass3\`,1]]');
INSERT INTO `object_classes` VALUES ('ori_originsmod_pickupoldfuel', '0.7', '1', '0.05000', '[[\`sklo_p\`,1],[\`sklo_p1\`,1],[\`sklo_l1\`,1],[\`sklo_z\`,0.4],[\`levy predni tlumic\`,1],[\`levy zadni tlumic\`,0.1],[\`pravy predni tlumic\`,1],[\`karoserie\`,0.7],[\`palivo\`,0.8],[\`motor\`,0.6],[\`front_plow\`,1],[\`wheel_guards\`,1],[\`window_guards\`,1],[\`windshield_guard\`,1]]');
INSERT INTO `object_classes` VALUES ('ori_originsmod_pickupold', '0.7', '1', '0.05000', '[[\`sklo_p\`,1],[\`sklo_p1\`,1],[\`sklo_l1\`,1],[\`sklo_z\`,0.4],[\`levy predni tlumic\`,1],[\`levy zadni tlumic\`,0.1],[\`pravy predni tlumic\`,1],[\`karoserie\`,0.7],[\`palivo\`,0.8],[\`motor\`,0.6],[\`front_plow\`,1],[\`wheel_guards\`,1],[\`window_guards\`,1],[\`windshield_guard\`,1]]');
INSERT INTO `object_classes` VALUES ('KamazOpen_Ori', '0.66', '5', '0.05000', '[[\`motor\`,0.8],[\`karoserie\`,1],[\`palivo\`,0.8],[\`wheel_1_1_steering\`,1],[\`wheel_2_1_steering\`,1],[\`wheel_1_2_steering\`,1],[\`wheel_2_2_steering\`,1],[\`sklo predni P\`,1],[\`sklo predni L\`,1],[\`glass1\`,1],[\`glass2\`,1],[\`glass3\`,1]]');
INSERT INTO `object_classes` VALUES ('Kamaz_Ori', '0.66', '5', '0.05000', '[[\`motor\`,0.8],[\`karoserie\`,1],[\`palivo\`,0.8],[\`wheel_1_1_steering\`,1],[\`wheel_2_1_steering\`,1],[\`wheel_1_2_steering\`,1],[\`wheel_2_2_steering\`,1],[\`sklo predni P\`,1],[\`sklo predni L\`,1],[\`glass1\`,1],[\`glass2\`,1],[\`glass3\`,1]]');
INSERT INTO `object_classes` VALUES ('Offroad_MG_Ori', '0.7', '3', '0.05000', '[[\`motor\`,0.8],[\`karoserie\`,1],[\`palivo\`,0.8],[\`wheel_1_1_steering\`,1],[\`wheel_2_1_steering\`,1],[\`wheel_1_2_steering\`,1],[\`wheel_2_2_steering\`,1],[\`sklo predni P\`,1],[\`sklo predni L\`,1],[\`glass1\`,1],[\`glass2\`,1],[\`glass3\`,1]]');
INSERT INTO `object_classes` VALUES ('Ka60c_Ori', '0.7', '5', '0.05', '[[\`motor\`,0.8],[\`karoserie\`,1],[\`palivo\`,0.8],[\`elektronika\`,0.8],[\`mala vrtule\`,0.8],[\`velka vrtule\`,0.8],[\`sklo predni P\`,1],[\`sklo predni L\`,1],[\`glass1\`,1],[\`glass3\`,1]]');
INSERT INTO `object_classes` VALUES ('MH6J_Ori', '0.7', '5', '0.05', '[[\`motor\`,0.8],[\`karoserie\`,1],[\`palivo\`,0.8],[\`elektronika\`,0.8],[\`mala vrtule\`,0.8],[\`velka vrtule\`,0.8],[\`sklo predni P\`,1],[\`sklo predni L\`,1],[\`glass1\`,1],[\`glass3\`,1]]');
INSERT INTO `object_classes` VALUES ('MH60S_Ori', '0.7', '5', '0.05', '[[\`motor\`,0.8],[\`karoserie\`,1],[\`palivo\`,0.8],[\`elektronika\`,0.8],[\`mala vrtule\`,0.8],[\`velka vrtule\`,0.8],[\`sklo predni P\`,1],[\`sklo predni L\`,1],[\`glass1\`,1],[\`glass3\`,1]]');
INSERT INTO `object_classes` VALUES ('HMMWV_Ori', '0.70', '7', '0.05000', '[[\`motor\`,0.8],[\`karoserie\`,1],[\`palivo\`,0.8],[\`wheel_1_1_steering\`,1],[\`wheel_2_1_steering\`,1],[\`wheel_1_2_steering\`,1],[\`wheel_2_2_steering\`,1],[\`sklo predni P\`,1],[\`sklo predni L\`,1],[\`glass1\`,1],[\`glass2\`,1],[\`glass3\`,1]]');
INSERT INTO `object_classes` VALUES ('LandRover_MG_Ori', '0.70', '4', '0.05000', '[[\`motor\`,0.8],[\`karoserie\`,1],[\`palivo\`,0.8],[\`wheel_1_1_steering\`,1],[\`wheel_2_1_steering\`,1],[\`wheel_1_2_steering\`,1],[\`wheel_2_2_steering\`,1],[\`sklo predni P\`,1],[\`sklo predni L\`,1],[\`glass1\`,1],[\`glass2\`,1],[\`glass3\`,1]]');
INSERT INTO `object_classes` VALUES ('Mi171ShCZ_Ori', '0.7', '5', '0.05', '[[\`motor\`,0.8],[\`karoserie\`,1],[\`palivo\`,0.8],[\`elektronika\`,0.8],[\`mala vrtule\`,0.8],[\`velka vrtule\`,0.8],[\`sklo predni P\`,1],[\`sklo predni L\`,1],[\`glass1\`,1],[\`glass3\`,1]]');
INSERT INTO `object_classes` VALUES ('SUV_MG_Ori', '0.7', '10', '0.05000', '[[\`motor\`,0.8],[\`karoserie\`,1],[\`palivo\`,0.8],[\`wheel_1_1_steering\`,1],[\`wheel_2_1_steering\`,1],[\`wheel_1_2_steering\`,1],[\`wheel_2_2_steering\`,1],[\`sklo predni P\`,1],[\`sklo predni L\`,1],[\`glass1\`,1],[\`glass2\`,1],[\`glass3\`,1]]');
INSERT INTO `object_spawns` VALUES ('0000000000018', 'Old_bike_TK_CIV_EP1', '[210,[3910,7357,0]]', 'Motrovice Statue');
INSERT INTO `object_spawns` VALUES ('0000000000019', 'V3S_Civ', '[270,[3903,7069,0]]', 'Motrovice Fulestation');
INSERT INTO `object_spawns` VALUES ('0000000000020', 'tractor', '[80,[4580,6319,0]]', 'Barn in 045|192');
INSERT INTO `object_spawns` VALUES ('0000000000021', 'Old_bike_TK_CIV_EP1', '[290,[5394,5885,0]]', 'Silos in 053|197');
INSERT INTO `object_spawns` VALUES ('0000000000022', 'TT650_TK_CIV_EP1', '[90,[6174,5335,0]]', 'Lighthouse in 061|202');
INSERT INTO `object_spawns` VALUES ('0000000000023', 'ATV_CZ_EP1', '[135,[7950,5379,0]]', 'Castle Grad Bled');
INSERT INTO `object_spawns` VALUES ('0000000000025', 'Lada1_TK_CIV_EP1', '[145,[8780,2383,0]]', '087|232');
INSERT INTO `object_spawns` VALUES ('0000000000026', 'Ikarus', '[135,[8805,2318,0]]', 'Busstop near Hotel 087|232');
INSERT INTO `object_spawns` VALUES ('0000000000028', 'VWGolf', '[215,[8895,2265,0]]', 'Garage at 086|233');
INSERT INTO `object_spawns` VALUES ('0000000000029', 'MMT_Civ', '[1,[8987,2235,0]]', 'Close to Hospital 089|233');
INSERT INTO `object_spawns` VALUES ('0000000000030', 'S1203_TK_CIV_EP1', '[120,[8978,2254,0]]', 'Hospital 089|233');
INSERT INTO `object_spawns` VALUES ('0000000000031', 'LadaLM', '[300,[8995,2292,0]]', 'Firestation 089|233');
INSERT INTO `object_spawns` VALUES ('0000000000032', 'car_hatchback', '[210,[8957,2343,0]]', '089|232');
INSERT INTO `object_spawns` VALUES ('0000000000033', 'ori_survivorBus', '[320,[9922,1412,0]]', 'Busstop near Hotel 099|241');
INSERT INTO `object_spawns` VALUES ('0000000000034', 'ori_survivorBus', '[140,[9935,1391,0]]', 'Busstop near Hotel 099|241');
INSERT INTO `object_spawns` VALUES ('0000000000035', 'datsun1_civil_2_covered', '[245,[10051,1375,0]]', '100|242');
INSERT INTO `object_spawns` VALUES ('0000000000037', 'tractor', '[310,[10495,1086,0]]', 'Barn 104|245');
INSERT INTO `object_spawns` VALUES ('0000000000038', 'Old_bike_TK_CIV_EP1', '[220,[10889,850,0]]', '108|247');
INSERT INTO `object_spawns` VALUES ('0000000000039', 'datsun1_civil_3_open', '[220,[10920,819,0]]', '109|248');
INSERT INTO `object_spawns` VALUES ('0000000000040', 'Ikarus', '[100,[10946,798,0]]', '109|247');
INSERT INTO `object_spawns` VALUES ('0000000000041', 'ori_survivorBus', '[280,[10968,800,0]]', '109|247');
INSERT INTO `object_spawns` VALUES ('0000000000042', 'ori_scrapTank', '[130,[10939,868,0]]', '109|247');
INSERT INTO `object_spawns` VALUES ('0000000000043', 'SkodaRed', '[250,[11175,715,0]]', '111|248');
INSERT INTO `object_spawns` VALUES ('0000000000044', 'SUV_Special', '[80,[11258,875,0]]', '112|247');
INSERT INTO `object_spawns` VALUES ('0000000000045', 'ori_scrapTank', '[270,[11649,773,0]]', 'Fulestation 116|248');
INSERT INTO `object_spawns` VALUES ('0000000000046', 'SkodaGreen', '[120,[11701,749,0]]', '117|258');
INSERT INTO `object_spawns` VALUES ('0000000000047', 'Old_bike_TK_CIV_EP1', '[120,[11760,886,0]]', 'Hotel 117|247');
INSERT INTO `object_spawns` VALUES ('0000000000048', 'UralCivil2', '[320,[11414,1153,0]]', 'Hotel 114|244');
INSERT INTO `object_spawns` VALUES ('0000000000049', 'ATV_CZ_EP1', '[145,[11798,1452,0]]', 'Hotel 117|241');
INSERT INTO `object_spawns` VALUES ('0000000000050', 'Old_bike_TK_CIV_EP1', '[220,[10151,2906,0]]', 'Farm at 101|226');
INSERT INTO `object_spawns` VALUES ('0000000000051', 'ori_ScrapBuggy', '[130,[9903,3177,0]]', 'Cowshed at 099|224');
INSERT INTO `object_spawns` VALUES ('0000000000052', 'ATV_CZ_EP1', '[270,[9791,3913,0]]', 'Farm at 097|216 ');
INSERT INTO `object_spawns` VALUES ('0000000000053', 'ori_survivorBus', '[180,[9705,4389,0]]', 'Busstop in front of NPP');
INSERT INTO `object_spawns` VALUES ('0000000000054', 'Ikarus', '[1,[9711,4404,0]]', 'Busstop in front of NPP');
INSERT INTO `object_spawns` VALUES ('0000000000056', 'car_sedan', '[270,[9675,4346,0]]', 'NPP');
INSERT INTO `object_spawns` VALUES ('0000000000057', 'UralCivil', '[90,[9281,4389,0]]', 'NPP');
INSERT INTO `object_spawns` VALUES ('0000000000060', 'UAZ_RU', '[120,[9309,5289,0]]', 'FOB at Kryvoem');
INSERT INTO `object_spawns` VALUES ('0000000000061', 'SkodaBlue', '[270,[9172,5416,0]]', 'Kryvoem');
INSERT INTO `object_spawns` VALUES ('0000000000062', 'Old_bike_TK_CIV_EP1', '[1,[9055,5393,0]]', 'Kryvoem');
INSERT INTO `object_spawns` VALUES ('0000000000063', 'ori_survivorBus', '[270,[8997,5424,0]]', 'Kryvoem');
INSERT INTO `object_spawns` VALUES ('0000000000064', 'ori_survivorBus', '[110,[9037,5416,0]]', 'Kryvoem');
INSERT INTO `object_spawns` VALUES ('0000000000065', 'ori_ScrapBuggy', '[1,[8958,5399,0]]', 'Kryvoem');
INSERT INTO `object_spawns` VALUES ('0000000000066', 'tractor', '[100,[8344,5538,0]]', '083|200');
INSERT INTO `object_spawns` VALUES ('0000000000067', 'Skoda', '[60,[8486,5592,0]]', 'Poljanka');
INSERT INTO `object_spawns` VALUES ('0000000000068', 'ori_scrapTank', '[340,[8235,6094,0]]', 'Stari Dvor');
INSERT INTO `object_spawns` VALUES ('0000000000069', 'Ikarus', '[160,[8228,6097,0]]', 'Stari Dvor');
INSERT INTO `object_spawns` VALUES ('0000000000070', 'MMT_Civ', '[340,[8248,6115,0]]', 'Stari Dvor');
INSERT INTO `object_spawns` VALUES ('0000000000071', 'SUV_Special', '[60,[7838,6529,0]]', 'Novi Dvor');
INSERT INTO `object_spawns` VALUES ('0000000000072', 'Old_bike_TK_CIV_EP1', '[320,[7914,6697,0]]', 'Novi Dvor');
INSERT INTO `object_spawns` VALUES ('0000000000073', 'V3S_Civ', '[160,[7942,6909,0]]', 'Novi Dvor Factory');
INSERT INTO `object_spawns` VALUES ('0000000000074', 'ATV_CZ_EP1', '[180,[7566,7381,0]]', 'Barn South of Krasnoznamensk Airport');
INSERT INTO `object_spawns` VALUES ('0000000000075', 'ori_survivorBus', '[200,[7873,7799,0]]', 'Busstop at Krasnoznamensk Airport');
INSERT INTO `object_spawns` VALUES ('0000000000076', 'ori_survivorBus', '[20,[7880,7808,0]]', 'Busstop at Krasnoznamensk Airport');
INSERT INTO `object_spawns` VALUES ('0000000000077', 'Mi17_Civilian_Ori', '[180,[6927,8343,0]]', 'Krasnoznamensk Airport');
INSERT INTO `object_spawns` VALUES ('0000000000078', 'LadaLM', '[210,[7453,8090,0]]', 'Krasnoznamensk Airport');
INSERT INTO `object_spawns` VALUES ('0000000000079', 'AN2_Ori', '[220,[7550,8009,0]]', 'Krasnoznamensk Airport');
INSERT INTO `object_spawns` VALUES ('0000000000080', 'ori_ScrapBuggy', '[1,[5180,8089,0]]', 'Barn near Primmorsk');
INSERT INTO `object_spawns` VALUES ('0000000000081', 'MMT_Civ', '[340,[5375,8484,0]]', 'Bilfrad na moru');
INSERT INTO `object_spawns` VALUES ('0000000000086', 'Skoda', '[160,[5523,8957,0]]', 'Bilfrad na moru');
INSERT INTO `object_spawns` VALUES ('0000000000087', 'Volha_2_TK_CIV_EP1', '[165,[5568,8952,0]]', 'Bilfrad na moru');
INSERT INTO `object_spawns` VALUES ('0000000000001', 'TT650_Gue', '[140,[2114,7055,0]]', 'Racetrack');
INSERT INTO `object_spawns` VALUES ('0000000000002', 'TT650_Gue', '[180,[2116,7062,0]]', 'Racetrack');
INSERT INTO `object_spawns` VALUES ('0000000000003', 'MMT_Civ', '[240,[1361,7954,0]]', 'Lighthouse 013|176');
INSERT INTO `object_spawns` VALUES ('0000000000004', 'ATV_CZ_EP1', '[300,[3286,6879,0]]', 'Radiotower 032|187');
INSERT INTO `object_spawns` VALUES ('0000000000005', 'hilux1_civil_3_open_EP1', '[359,[3311,7870,0]]', 'Stangrad Port, between containers');
INSERT INTO `object_spawns` VALUES ('0000000000006', 'UralCivil', '[180,[3413,7869,0]]', 'Stangrad Port');
INSERT INTO `object_spawns` VALUES ('0000000000007', 'Ural_TK_CIV_EP1', '[180,[3427,7869,0]]', 'Stangrad Port');
INSERT INTO `object_spawns` VALUES ('0000000000009', 'ori_ScrapBuggy', '[130,[1634,7604,0]]', 'Stangrad in front of a garage');
INSERT INTO `object_spawns` VALUES ('0000000000010', 'Old_bike_TK_CIV_EP1', '[330,[3290,7529,0]]', 'Stangrad on plaza by church');
INSERT INTO `object_spawns` VALUES ('0000000000011', 'ori_scrapTank', '[330,[3342,7396,0]]', 'Stangrad firestation');
INSERT INTO `object_spawns` VALUES ('0000000000012', 'Old_moto_TK_Civ_EP1', '[70,[2979,7437,0]]', 'Barn, west of Stangrad');
INSERT INTO `object_spawns` VALUES ('0000000000013', 'LadaLM', '[1,[3796,6887,0]]', 'Motrovice Fire Station');
INSERT INTO `object_spawns` VALUES ('0000000000014', 'ori_scrapTank', '[180,[3785,6933,0]]', 'Motrovice Bus Stop');
INSERT INTO `object_spawns` VALUES ('0000000000015', 'Ikarus', '[1,[3793,7072,0]]', 'Motrovice Bus Stop');
INSERT INTO `object_spawns` VALUES ('0000000000016', 'VolhaLimo_TK_CIV_EP1', '[1,[3821,7129,0]]', 'Motrovice Hotel');
INSERT INTO `object_spawns` VALUES ('0000000000017', 'SkodaBlue', '[90,[3789,7278,0]]', 'Motrovice Supermarket');
INSERT INTO `object_spawns` VALUES ('0000000000089', 'Old_bike_TK_CIV_EP1', '[260,[5666,8826,0]]', 'Bilfrad na moru');
INSERT INTO `object_spawns` VALUES ('0000000000090', 'ori_ScrapBuggy', '[250,[5504,8802,0]]', 'Bilfrad na moru');
INSERT INTO `object_spawns` VALUES ('0000000000091', 'tractor', '[320,[5987,9604,0]]', 'Barn near Cernovar');
INSERT INTO `object_spawns` VALUES ('0000000000092', 'ori_ScrapBuggy', '[270,[5980,9939,0]]', 'Cernovar');
INSERT INTO `object_spawns` VALUES ('0000000000093', 'S1203_TK_CIV_EP1', '[140,[5895,9946,0]]', 'Cernovar');
INSERT INTO `object_spawns` VALUES ('0000000000094', 'Old_bike_TK_CIV_EP1', '[270,[5850,9901,0]]', 'Cernovar');
INSERT INTO `object_spawns` VALUES ('0000000000095', 'ori_scrapTank', '[200,[5788,9981,0]]', 'Cernovar');
INSERT INTO `object_spawns` VALUES ('0000000000096', 'Skoda', '[270,[5715,9903,0]]', 'Cernovar');
INSERT INTO `object_spawns` VALUES ('0000000000097', 'Ikarus', '[180,[5689,9856,0]]', 'Cernovar');
INSERT INTO `object_spawns` VALUES ('0000000000098', 'ori_survivorBus', '[1,[5693,9880,0]]', 'Cernovar');
INSERT INTO `object_spawns` VALUES ('0000000000099', 'UralCivil2', '[1,[5532,9750,0]]', 'Cernovar Port');
INSERT INTO `object_spawns` VALUES ('0000000000100', 'datsun1_civil_3_open', '[90,[6691,9909,0]]', 'Vedic');
INSERT INTO `object_spawns` VALUES ('0000000000101', 'Mi17_Civilian_Ori', '[180,[7799,9079,0]]', 'FOB near Berstuk');
INSERT INTO `object_spawns` VALUES ('0000000000102', 'UAZ_RU', '[40,[7746,9082,0]]', 'FOB near Berstuk');
INSERT INTO `object_spawns` VALUES ('0000000000103', 'ATV_CZ_EP1', '[320,[11010,6726,0]]', 'Grad Krkov');
INSERT INTO `object_spawns` VALUES ('0000000000104', 'UAZ_RU', '[60,[10395,6751,0]]', 'FOB near Komarovo');
INSERT INTO `object_spawns` VALUES ('0000000000105', 'Lada1', '[350,[10636,6518,0]]', 'Komarovo');
INSERT INTO `object_spawns` VALUES ('0000000000106', 'LandRover_TK_CIV_EP1', '[300,[10644,6569,0]]', 'Komarovo');
INSERT INTO `object_spawns` VALUES ('0000000000107', 'TowingTractor', '[270,[16529,10209,0]]', 'Airport Dubovo');
INSERT INTO `object_spawns` VALUES ('0000000000108', 'LadaLM', '[320,[16704,10623,0]]', 'Airport Dubovo');
INSERT INTO `object_spawns` VALUES ('0000000000109', 'AN2_Ori', '[270,[16730,10484,0]]', 'Airport Dubovo');
INSERT INTO `object_spawns` VALUES ('0000000000110', 'Mi17_Civilian_Ori', '[90,[16649,11577,0]]', 'Airport Dubovo');
INSERT INTO `object_spawns` VALUES ('0000000000111', 'AN2_Ori', '[240,[10285,18406,0]]', 'Jaroslavski Airport');
INSERT INTO `object_spawns` VALUES ('0000000000112', 'TowingTractor', '[160,[10233,18252,0]]', 'Jaroslavski Airport');
INSERT INTO `object_spawns` VALUES ('0000000000113', 'Mi17_Civilian_Ori', '[90,[10208,18667,0]]', 'Jaroslavski Airport');
INSERT INTO `object_spawns` VALUES ('0000000000114', 'ATV_CZ_EP1', '[20,[8126,21347,0]]', 'Helfenburg');
INSERT INTO `object_spawns` VALUES ('0000000000115', 'ATV_CZ_EP1', '[20,[8130,21345,0]]', 'Helfenburg');
INSERT INTO `object_spawns` VALUES ('0000000000116', 'ori_ScrapBuggy', '[150,[8878,19712,0]]', 'Barn North of Kameni');
INSERT INTO `object_spawns` VALUES ('0000000000117', 'ori_scrapTank', '[330,[8839,19446,0]]', 'Kameni');
INSERT INTO `object_spawns` VALUES ('0000000000118', 'ori_scrapTank', '[40,[8836,19438,0]]', 'Kameni');
INSERT INTO `object_spawns` VALUES ('0000000000119', 'Old_moto_TK_Civ_EP1', '[160,[10379,19486,0]]', 'Barn North of Yaroslav');
INSERT INTO `object_spawns` VALUES ('0000000000120', 'tractor', '[300,[10408,19291,0]]', 'Barn Nort of Yaroslav');
INSERT INTO `object_spawns` VALUES ('0000000000121', 'Mi17_Civilian_Ori', '[290,[9983,18892,0]]', 'FOB near Yaroslav');
INSERT INTO `object_spawns` VALUES ('0000000000122', 'UAZ_RU', '[160,[9951,18910,0]]', 'FOB near Yaroslav');
INSERT INTO `object_spawns` VALUES ('0000000000123', 'V3S_Civ', '[30,[9937,19091,0]]', 'Lumbermill west of Yaroslav');
INSERT INTO `object_spawns` VALUES ('0000000000124', 'S1203_TK_CIV_EP1', '[20,[10163,18965,0]]', 'Yaroslav Firestation');
INSERT INTO `object_spawns` VALUES ('0000000000125', 'Ikarus', '[80,[10254,19037,0]]', 'Yaroslav Busstop');
INSERT INTO `object_spawns` VALUES ('0000000000126', 'ori_survivorBus', '[260,[10238,19038,0]]', 'Yaroslav Busstop');
INSERT INTO `object_spawns` VALUES ('0000000000127', 'hilux1_civil_1_open', '[260,[10314,19140,0]]', 'Yaroslav');
INSERT INTO `object_spawns` VALUES ('0000000000128', 'V3S_Civ', '[250,[10177,19193,0]]', 'Yaroslav');
INSERT INTO `object_spawns` VALUES ('0000000000129', 'ori_survivorBus', '[150,[10929,18768,0]]', 'Ekaterinburg');
INSERT INTO `object_spawns` VALUES ('0000000000130', 'Ikarus', '[325,[10934,18768,0]]', 'Ekaterinburg');
INSERT INTO `object_spawns` VALUES ('0000000000131', 'ori_ScrapBuggy', '[150,[10970,18710,0]]', 'Ekaterinburg');
INSERT INTO `object_spawns` VALUES ('0000000000132', 'Lada1', '[300,[11056,18699,0]]', 'Ekaterinburg');
INSERT INTO `object_spawns` VALUES ('0000000000133', 'Old_bike_TK_CIV_EP1', '[60,[11022,18770,0]]', 'Ekaterinburg');
INSERT INTO `object_spawns` VALUES ('0000000000134', 'Ural_TK_CIV_EP1', '[100,[10976,19033,0]]', 'Ekaterinburg');
INSERT INTO `object_spawns` VALUES ('0000000000135', 'ori_ScrapBuggy', '[100,[11110,17900,0]]', 'Duge Selo');
INSERT INTO `object_spawns` VALUES ('0000000000136', 'Old_moto_TK_Civ_EP1', '[60,[12917,19178,0]]', 'Barn West of Khotanovsk');
INSERT INTO `object_spawns` VALUES ('0000000000137', 'MMT_Civ', '[90,[13248,19383,0]]', 'Barn West of Khotanovsk');
INSERT INTO `object_spawns` VALUES ('0000000000138', 'ori_survivorBus', '[110,[13443,19388,0]]', 'Khotanovsk');
INSERT INTO `object_spawns` VALUES ('0000000000139', 'tractor', '[100,[13502,19393,0]]', 'Khotanovsk');
INSERT INTO `object_spawns` VALUES ('0000000000140', 'UAZ_RU', '[140,[14619,18538,0]]', 'FOB near Dalnogorsk');
INSERT INTO `object_spawns` VALUES ('0000000000142', 'TT650_TK_CIV_EP1', '[230,[15135,18238,0]]', 'Dalnogorsk');
INSERT INTO `object_spawns` VALUES ('0000000000143', 'hilux1_civil_1_open', '[280,[14849,18489,0]]', 'Dalnogorsk Port');
INSERT INTO `object_spawns` VALUES ('0000000000144', 'hilux1_civil_2_covered', '[320,[14881,18583,0]]', 'Dalnogorsk Port');
INSERT INTO `object_spawns` VALUES ('0000000000145', 'ATV_CZ_EP1', '[260,[15715,17082,0]]', 'Antenna at Zeleny Vrh');
INSERT INTO `object_spawns` VALUES ('0000000000146', 'UAZ_RU', '[220,[15077,15937,0]]', 'FOB near Sevastopol');
INSERT INTO `object_spawns` VALUES ('0000000000147', 'PBX_Ori', '[330,[3735,2339,0]]', 'Ostrov Knin');
INSERT INTO `object_spawns` VALUES ('0000000000148', 'ori_smallRaft', '[60,[3743,2331,0]]', 'Ostrov Knin');
INSERT INTO `object_spawns` VALUES ('0000000000149', 'ori_bigRaft', '[270,[6085,1125,0]]', 'Ostrov Ash');
INSERT INTO `object_spawns` VALUES ('0000000000150', 'ori_bigRaft', '[60,[957,14105,0]]', 'Isle Kres');
INSERT INTO `object_spawns` VALUES ('0000000000151', 'ori_bigRaft', '[180,[11920,20885,0]]', 'Isle Shibenik');
INSERT INTO `object_spawns` VALUES ('0000000000152', 'PBX_Ori', '[90,[11930,20888,0]]', 'Isle Shibenik');
INSERT INTO `object_spawns` VALUES ('0000000000153', 'Fishing_Boat_DZ', '[280,[11695,18963,0]]', 'Ekatinburg Port');
INSERT INTO `object_spawns` VALUES ('0000000000154', 'Fishing_boat_DZ', '[90,[14753,18757,0]]', 'Balnogorsk Port');
INSERT INTO `object_spawns` VALUES ('0000000000155', 'ori_smallRaft', '[90,[17420,12576,0]]', 'Molotovsk Port');
INSERT INTO `object_spawns` VALUES ('0000000000156', 'ori_scrapTank', '[0,[14574.9,10474.6,0]]', null);
INSERT INTO `object_spawns` VALUES ('0000000000158', 'Old_bike_TK_CIV_EP1', '[2,[15160.3,9868.98,0]]', null);
INSERT INTO `object_spawns` VALUES ('0000000000159', 'ori_ScrapBuggy', '[181,[15445.5,9736.16,0]]', null);
INSERT INTO `object_spawns` VALUES ('0000000000160', 'ori_scrapTank', '[274,[15547.1,9505.82,0]]', null);
INSERT INTO `object_spawns` VALUES ('0000000000161', 'VolhaLimo_TK_CIV_EP1', '[4,[15474.3,9375.65,0]]', null);
INSERT INTO `object_spawns` VALUES ('0000000000162', 'MMT_Civ', '[185,[15391.3,9277.98,0]]', null);
INSERT INTO `object_spawns` VALUES ('0000000000165', 'ori_scrapTank', '[108,[15408.7,8961.51,0]]', null);
INSERT INTO `object_spawns` VALUES ('0000000000167', 'UAZ_Unarmed_TK_CIV_EP1', '[93,[15655.4,9620.11,0]]', null);
INSERT INTO `object_spawns` VALUES ('0000000000168', 'UAZ_Unarmed_TK_EP1', '[15,[14510.7,9801.27,0]]', null);
INSERT INTO `object_spawns` VALUES ('0000000000169', 'Volha_2_TK_CIV_EP1', '[2,[14993.4,9260.11,0]]', null);
INSERT INTO `object_spawns` VALUES ('0000000000170', 'Lada2_TK_CIV_EP1', '[208,[15186.7,9188.3,0]]', null);
INSERT INTO `object_spawns` VALUES ('0000000000171', 'Mi17_Civilian_Ori', '[0,[17442,5212,0]]', null);
INSERT INTO `object_spawns` VALUES ('0000000000172', 'UAZ_MG_Ori', '[171,[17473.5,5221.19,0]]', null);
INSERT INTO `object_spawns` VALUES ('0000000000173', 'Old_bike_TK_CIV_EP1', '[5,[17464.2,4106.35,0]]', null);
INSERT INTO `object_spawns` VALUES ('0000000000174', 'PBX_Ori', '[321,[17442,4035.92,0]]', null);
INSERT INTO `object_spawns` VALUES ('0000000000175', 'Old_bike_TK_CIV_EP1', '[2,[18421.7,5059.4,0]]', null);
INSERT INTO `object_spawns` VALUES ('0000000000178', 'hilux1_civil_2_covered', '[0,[17683.4,6186.37,0]]', null);
INSERT INTO `object_spawns` VALUES ('0000000000179', 'Old_bike_TK_CIV_EP1', '[275,[17694.9,6214.7,0]]', null);
INSERT INTO `object_spawns` VALUES ('0000000000182', 'datsun1_civil_3_open', '[130,[17837.9,6490.08,0]]', null);
INSERT INTO `object_spawns` VALUES ('0000000000183', 'ori_scrapTank', '[272,[17508.4,7194.23,0]]', null);
INSERT INTO `object_spawns` VALUES ('0000000000184', 'Old_bike_TK_CIV_EP1', '[84,[17167.6,7385.58,0]]', null);
INSERT INTO `object_spawns` VALUES ('0000000000185', 'UAZ_RU', '[181,[17216.7,7662.86,0]]', null);
INSERT INTO `object_spawns` VALUES ('0000000000187', 'Old_bike_TK_CIV_EP1', '[357,[16243.7,11497,0]]', null);
INSERT INTO `object_spawns` VALUES ('0000000000188', 'Old_moto_TK_Civ_EP1', '[1,[16149.9,11571.7,0]]', null);
INSERT INTO `object_spawns` VALUES ('0000000000189', 'ori_ScrapBuggy', '[3,[16279.2,11705.8,0]]', null);
INSERT INTO `object_spawns` VALUES ('0000000000190', 'ori_scrapTank', '[11,[16832.1,12608.7,0]]', null);
INSERT INTO `object_spawns` VALUES ('0000000000191', 'Old_bike_TK_CIV_EP1', '[271,[16972.3,12761.7,0]]', null);
INSERT INTO `object_spawns` VALUES ('0000000000192', 'UAZ_Unarmed_TK_EP1', '[181,[14473.2,11397.9,0]]', null);
INSERT INTO `object_spawns` VALUES ('0000000000193', 'Lada1', '[178,[17244.4,7422.91,0]]', null);
INSERT INTO `object_spawns` VALUES ('0000000000194', 'ori_scrapTank', '[302,[16788,8455.63,0]]', null);
INSERT INTO `object_spawns` VALUES ('0000000000195', 'Old_bike_TK_CIV_EP1', '[87,[16564.4,8259.9,0]]', null);
INSERT INTO `object_spawns` VALUES ('0000000000196', 'V3S_Civ', '[87,[16515.1,8085.05,0]]', null);
INSERT INTO `object_spawns` VALUES ('0000000000197', 'Old_bike_TK_CIV_EP1', '[272,[16520,8380.6,0]]', null);
INSERT INTO `object_spawns` VALUES ('0000000000198', 'TT650_Gue', '[261,[16877.2,8197.77,0]]', null);
INSERT INTO `object_spawns` VALUES ('0000000000199', 'ori_scrapTank', '[167,[17301.6,8240.52,0]]', null);
INSERT INTO `object_spawns` VALUES ('0000000000201', 'UAZ_RU', '[130,[13405.5,8632.01,0]]', null);
INSERT INTO `object_spawns` VALUES ('0000000000202', 'Old_bike_TK_CIV_EP1', '[88,[15526.4,8412.45,0]]', null);
INSERT INTO `object_spawns` VALUES ('0000000000203', 'hilux1_civil_1_open', '[267,[15628.2,8506.59,0]]', null);
INSERT INTO `object_spawns` VALUES ('0000000000204', 'datsun1_civil_3_open', '[267,[15627.7,8512.13,0]]', null);
INSERT INTO `object_spawns` VALUES ('0000000000205', 'TT650_TK_CIV_EP1', '[108,[16432.5,6287.62,0]]', null);
INSERT INTO `object_spawns` VALUES ('0000000000206', 'UAZ_MG_Ori', '[268,[16802.4,6322.28,0]]', null);
INSERT INTO `object_spawns` VALUES ('0000000000207', 'ori_vil_truck_civ_base', '[9,[16773.2,6268.66,0]]', null);
INSERT INTO `object_spawns` VALUES ('0000000000208', 'TT650_Gue', '[6,[16517.8,9661.72,0]]', null);
INSERT INTO `object_spawns` VALUES ('0000000000210', 'ori_vil_truck_civ_base', '[181,[16312.4,10029.7,0]]', null);
INSERT INTO `object_spawns` VALUES ('0000000000211', 'ori_scrapTank', '[140,[17479.9,9193.12,0]]', null);
INSERT INTO `object_spawns` VALUES ('0000000000212', 'ori_scrapTank', '[335,[3102.28,2469.19,0]]', null);
INSERT INTO `object_spawns` VALUES ('0000000000213', 'UAZ_RU', '[267,[15457.4,10033.2,0]]', null);
INSERT INTO `object_spawns` VALUES ('0000000000214', 'Ikarus_TK_CIV_EP1', '[272,[15840.5,9551.82,0]]', null);
INSERT INTO `object_spawns` VALUES ('0000000000215', 'LadaLM', '[183,[15458.4,10112.1,0]]', null);
INSERT INTO `object_spawns` VALUES ('0000000000216', 'ori_scrapTank', '[107,[15799.4,9042.73,0]]', null);
INSERT INTO `object_spawns` VALUES ('0000000000217', 'hilux1_civil_3_open_EP1', '[270,[14742,9858.23,0]]', null);
INSERT INTO `object_spawns` VALUES ('0000000000218', 'ori_survivorBus', '[290,[15089.2,9334.68,0]]', null);
INSERT INTO `object_spawns` VALUES ('0000000000219', 'ori_ScrapBuggy', '[183,[15442.3,9734.86,0]]', null);
INSERT INTO `object_spawns` VALUES ('0000000000220', 'ori_scrapTank', '[183,[14533.3,10395.5,0]]', null);
INSERT INTO `object_spawns` VALUES ('0000000000221', 'VolhaLimo_TK_CIV_EP1', '[180,[14860.6,9331.5,0]]', null);
INSERT INTO `object_spawns` VALUES ('0000000000222', 'UAZ_RU', '[274,[14646.1,9984.8,0]]', null);
INSERT INTO `object_spawns` VALUES ('0000000000223', 'VWGolf', '[269,[15480.1,9470.94,0]]', null);
INSERT INTO `object_spawns` VALUES ('0000000000224', 'datsun1_civil_3_open', '[4,[15226.7,9457.74,0]]', null);
INSERT INTO `object_spawns` VALUES ('0000000000225', 'hilux1_civil_3_open_EP1', '[92,[14968.4,10162.8,0]]', null);
INSERT INTO `object_spawns` VALUES ('0000000000226', 'MMT_Civ', '[268,[15840.2,9385.28,0]]', null);
INSERT INTO `object_spawns` VALUES ('0000000000227', 'MMT_Civ', '[94,[15234.6,10249.9,0]]', null);
INSERT INTO `object_spawns` VALUES ('0000000000228', 'Old_bike_TK_CIV_EP1', '[3,[14736.3,9524.02,0]]', null);
INSERT INTO `object_spawns` VALUES ('0000000000229', 'SUV_Special', '[0,[15161.2,10052.9,0]]', null);
INSERT INTO `object_spawns` VALUES ('0000000000230', 'TT650_TK_CIV_EP1', '[0,[14719.8,10259,0]]', null);
INSERT INTO `object_spawns` VALUES ('0000000000231', 'SkodaGreen', '[91,[14611.5,10154.7,0]]', null);
INSERT INTO `object_spawns` VALUES ('0000000000232', 'SkodaRed', '[111,[15348.2,9014.43,0]]', null);
INSERT INTO `object_spawns` VALUES ('0000000000233', 'car_sedan', '[269,[14730.8,9807.05,0]]', null);
INSERT INTO `object_spawns` VALUES ('0000000000234', 'hilux1_civil_1_open', '[3,[15476.7,9622.34,0]]', null);
INSERT INTO `object_spawns` VALUES ('0000000000235', 'SUV_Special', '[4,[15169.5,9692,0]]', null);
INSERT INTO `object_spawns` VALUES ('0000000000236', 'SUV_Special', '[358,[15086.7,9690.3,0]]', null);
INSERT INTO `object_spawns` VALUES ('0000000000237', 'ori_scrapTank', '[207,[15179.4,9174.63,0]]', null);
INSERT INTO `object_spawns` VALUES ('0000000000238', 'ori_scrapTank', '[184,[15334.8,10203.3,0]]', null);
INSERT INTO `object_spawns` VALUES ('0000000000239', 'Volha_2_TK_CIV_EP1', '[95,[15589.6,9575.94,0]]', null);
INSERT INTO `object_spawns` VALUES ('0000000000240', 'hilux1_civil_3_open_EP1', '[90,[15624.2,9573.14,0]]', null);
INSERT INTO `object_spawns` VALUES ('0000000000242', 'Lada2_TK_CIV_EP1', '[92,[14937.8,9863.08,0]]', null);
INSERT INTO `object_spawns` VALUES ('0000000000243', 'MMT_Civ', '[184,[15415.4,9269.86,0]]', null);
INSERT INTO `object_spawns` VALUES ('0000000000245', 'ori_ScrapBuggy', '[43,[12719.9,15140.6,0]]', null);
INSERT INTO `object_spawns` VALUES ('0000000000246', 'VolhaLimo_TK_CIV_EP1', '[233,[12494.5,15017.8,0]]', null);
INSERT INTO `object_spawns` VALUES ('0000000000247', 'MMT_Civ', '[224,[12617.1,15157.4,0]]', null);
INSERT INTO `object_spawns` VALUES ('0000000000248', 'Old_bike_TK_CIV_EP1', '[184,[13583,13523.8,0]]', null);
INSERT INTO `object_spawns` VALUES ('0000000000249', 'ori_ScrapBuggy', '[272,[13591.4,13550.2,0]]', null);
INSERT INTO `object_spawns` VALUES ('0000000000250', 'SUV_Special', '[84,[13715.5,13634.7,0]]', null);
INSERT INTO `object_spawns` VALUES ('0000000000252', 'ori_ScrapBuggy', '[272,[11225.3,15895.6,0]]', null);
INSERT INTO `object_spawns` VALUES ('0000000000253', 'Skoda', '[272,[11225.3,15905.5,0]]', null);
INSERT INTO `object_spawns` VALUES ('0000000000254', 'car_sedan', '[269,[11225.3,15922,0]]', null);
INSERT INTO `object_spawns` VALUES ('0000000000255', 'VolhaLimo_TK_CIV_EP1', '[269,[11225,15951.4,0]]', null);
INSERT INTO `object_spawns` VALUES ('0000000000256', 'Old_bike_TK_CIV_EP1', '[101,[11515.3,15963.1,0]]', null);
INSERT INTO `object_spawns` VALUES ('0000000000257', 'Ikarus', '[180,[11634.9,15762.2,0]]', null);
INSERT INTO `object_spawns` VALUES ('0000000000258', 'VWGolf', '[155,[11894.7,15692.8,0]]', null);
INSERT INTO `object_spawns` VALUES ('0000000000259', 'ori_scrapTank', '[326,[11922.9,15458,0]]', null);
INSERT INTO `object_spawns` VALUES ('0000000000260', 'TT650_Ins', '[22,[11965.7,15478.4,0]]', null);
INSERT INTO `object_spawns` VALUES ('0000000000261', 'UAZ_Unarmed_TK_EP1', '[126,[11720.4,14881.3,0]]', null);
INSERT INTO `object_spawns` VALUES ('0000000000262', 'ori_scrapTank', '[125,[11704.6,14860.7,0]]', null);
INSERT INTO `object_spawns` VALUES ('0000000000263', 'Old_bike_TK_CIV_EP1', '[182,[11338.4,15214.4,0]]', null);
INSERT INTO `object_spawns` VALUES ('0000000000264', 'ATV_US_EP1', '[301,[12340.2,15732.9,0]]', null);
INSERT INTO `object_spawns` VALUES ('0000000000265', 'ori_ScrapBuggy', '[157,[12459.7,13732.3,0]]', null);
INSERT INTO `object_spawns` VALUES ('0000000000266', 'LandRover_CZ_EP1', '[8,[12521.9,13577.1,0]]', null);
INSERT INTO `object_spawns` VALUES ('0000000000267', 'ori_scrapTank', '[80,[12627.7,13612.9,0]]', null);
INSERT INTO `object_spawns` VALUES ('0000000000268', 'Old_bike_TK_CIV_EP1', '[271,[12445.2,13531.9,0]]', null);
INSERT INTO `object_spawns` VALUES ('0000000000269', 'datsun1_civil_3_open', '[152,[12645.3,11818.2,0]]', null);
INSERT INTO `object_spawns` VALUES ('0000000000270', 'Ikarus_TK_CIV_EP1', '[360,[12628.4,11741,0]]', null);
INSERT INTO `object_spawns` VALUES ('0000000000271', 'Old_bike_TK_CIV_EP1', '[74,[12825.9,11892.3,0]]', null);
INSERT INTO `object_spawns` VALUES ('0000000000272', 'hilux1_civil_2_covered', '[306,[16137.5,13478.8,0]]', null);
INSERT INTO `object_spawns` VALUES ('0000000000273', 'ori_rth_originsmod_bathmobile', '[360,[16282.4,13657.6,0]]', null);
INSERT INTO `object_spawns` VALUES ('0000000000274', 'TT650_TK_CIV_EP1', '[8,[15724.4,13410.8,0]]', null);
INSERT INTO `object_spawns` VALUES ('0000000000275', 'ori_scrapTank', '[170,[14844.5,18574.7,0]]', null);
INSERT INTO `object_spawns` VALUES ('0000000000276', 'ori_ScrapBuggy', '[4,[15065.4,18458.4,0]]', null);
INSERT INTO `object_spawns` VALUES ('0000000000278', 'LandRover_TK_CIV_EP1', '[296,[16716.2,10631.3,0]]', null);
INSERT INTO `object_spawns` VALUES ('0000000000279', 'Old_bike_TK_CIV_EP1', '[359,[14462.5,11394.3,0]]', null);
INSERT INTO `object_spawns` VALUES ('0000000000280', 'SUV_Special', '[33,[14265.1,11259.9,0]]', null);
INSERT INTO `object_spawns` VALUES ('0000000000281', 'VolhaLimo_TK_CIV_EP1', '[255,[14494.9,11287.3,0]]', null);
INSERT INTO `object_spawns` VALUES ('0000000000282', 'hilux1_civil_3_open_EP1', '[64,[14114.1,12135.2,0]]', null);
INSERT INTO `object_spawns` VALUES ('0000000000283', 'Old_bike_TK_CIV_EP1', '[343,[14165,11955.4,0]]', null);
INSERT INTO `object_spawns` VALUES ('0000000000284', 'ori_survivorBus', '[338,[14131.7,12000.6,0]]', null);
INSERT INTO `object_spawns` VALUES ('0000000000285', 'tractor', '[222,[14076,12119.8,0]]', null);
INSERT INTO `object_spawns` VALUES ('0000000000286', 'Lada1_TK_CIV_EP1', '[241,[13994.2,12219.7,0]]', null);
INSERT INTO `object_spawns` VALUES ('0000000000288', 'Old_bike_TK_CIV_EP1', '[177,[13943.9,12323.5,0]]', null);
INSERT INTO `object_spawns` VALUES ('0000000000289', 'ori_scrapTank', '[135,[13755.5,12224.9,0]]', null);
INSERT INTO `object_spawns` VALUES ('0000000000290', 'hilux1_civil_2_covered', '[1,[9650,6007,0]]', 'Barn north of Repkov');
INSERT INTO `object_spawns` VALUES ('0000000000291', 'Old_bike_TK_CIV_EP1', '[113,[3278.82,7485.31,0]]', 'Spawn city');
INSERT INTO `object_spawns` VALUES ('0000000000292', 'MMT_Civ', '[339,[3281.25,7548.81,0]]', 'Spawn city');
INSERT INTO `object_spawns` VALUES ('0000000000293', 'TT650_TK_CIV_EP1', '[58,[3301.71,7599.37,0]]', 'Spawn city');
INSERT INTO `object_spawns` VALUES ('0000000000294', 'TT650_Gue', '[216,[3340.57,7630.28,0]]', 'Spawn city');
INSERT INTO `object_spawns` VALUES ('0000000000295', 'Old_bike_TK_CIV_EP1', '[178,[3424.7,7552.19,0]]', 'Spawn city');
INSERT INTO `object_spawns` VALUES ('0000000000296', 'MMT_Civ', '[4,[3804.54,7187.21,0]]', 'Spawn city');
INSERT INTO `object_spawns` VALUES ('0000000000297', 'TT650_TK_CIV_EP1', '[138,[3799.18,7098.58,0]]', 'Spawn city');
INSERT INTO `object_spawns` VALUES ('0000000000298', 'TT650_Gue', '[180,[3710.04,7017.32,0]]', 'Spawn city');
INSERT INTO `object_spawns` VALUES ('0000000000299', 'Old_bike_TK_CIV_EP1', '[230,[3821.48,6877.06,0]]', 'Spawn city');
INSERT INTO `object_spawns` VALUES ('0000000000300', 'MMT_Civ', '[335,[3934.06,6942.25,0]]', 'Spawn city');
INSERT INTO `object_spawns` VALUES ('0000000000301', 'Old_bike_TK_CIV_EP1', '[20,[3905.72,7077.5,0]]', 'Spawn city');
INSERT INTO `object_spawns` VALUES ('0000000000302', 'MMT_Civ', '[96,[3963.42,7156.45,0]]', 'Spawn city');
INSERT INTO `object_spawns` VALUES ('0000000000303', 'Old_bike_TK_CIV_EP1', '[21,[3985.11,7341.37,0]]', 'Spawn city');
INSERT INTO `object_spawns` VALUES ('0000000000304', 'Mi17_Ori', '[136,[7754.04,4266.49,0]]', 'Branibor Tv-tower');
INSERT INTO `object_spawns` VALUES ('0000000000305', 'UH1H_Ori', '[180,[9349.95,4662.88,0]]', 'NPP');
INSERT INTO `object_spawns` VALUES ('0000000000306', 'AH6X_Ori', '[117,[11574.3,648.71,0]]', 'Shore at Blato');
INSERT INTO `object_spawns` VALUES ('0000000000307', 'ori_pragaCopter_green', '[38,[9320.15,7765.53,0]]', 'Krasnoznamensk');
INSERT INTO `object_spawns` VALUES ('0000000000308', 'UH1H_Ori', '[252,[5317.76,8620.61,0]]', 'Bilgrad Na Moru');
INSERT INTO `object_spawns` VALUES ('0000000000309', 'AH6X_Ori', '[325,[5987.66,9657.02,0]]', 'Chernovar next to the broken barn');
INSERT INTO `object_spawns` VALUES ('0000000000310', 'Mi17_Ori', '[1,[15379.4,9707.99,0]]', 'Sabina Hospital');
INSERT INTO `object_spawns` VALUES ('0000000000311', 'UH1H_Ori', '[89,[11521.1,15306,0]]', 'Lypestok football stadium');
INSERT INTO `object_spawns` VALUES ('0000000000312', 'AH6X_Ori', '[269,[14520.7,11411.9,0]]', 'Novi Bor Construction Site');
INSERT INTO `object_spawns` VALUES ('0000000000313', 'ori_pragaCopter_green', '[88,[16754.3,6317.61,0]]', 'Stare Pol military base');
INSERT INTO `object_spawns` VALUES ('0000000000314', 'UH1H_Ori', '[3,[16966.1,12568.3,0]]', 'Molotovsk hotel');
INSERT INTO `object_spawns` VALUES ('0000000000315', 'AH6X_Ori', '[338,[8109.2,21168,0]]', 'Helfenburg');
INSERT INTO `object_spawns` VALUES ('0000000000316', 'Mi17_Ori', '[90,[15439.5,16282.2,0]]', 'Sevastopol firestation');
INSERT INTO `object_spawns` VALUES ('0000000000317', 'UH1H_Ori', '[341,[12560.9,13713.4,0]]', 'Doriyanov military base');
INSERT INTO `object_spawns` VALUES ('0000000000318', 'AH6X_Ori', '[94,[17465.6,7161.06,0]]', 'Byelov inner yard');
INSERT INTO `object_spawns` VALUES ('0000000000319', 'Pickup_PK_DZ', '[229,[11035.2,6675.03,0]]', 'Krkav');
INSERT INTO `object_spawns` VALUES ('0000000000320', 'UAZ_MG_Ori', '[32,[9336.4,5230.6,0]]', 'military base east of Kryvoe');
INSERT INTO `object_spawns` VALUES ('0000000000321', 'Pickup_PK_DZ', '[217,[7749.32,7894.98,0]]', 'Krasnoznamensk Airfield');
INSERT INTO `object_spawns` VALUES ('0000000000322', 'UAZ_MG_Ori', '[5,[5837.59,9956.13,0]]', 'Chernova Police Station');
INSERT INTO `object_spawns` VALUES ('0000000000323', 'ori_rth_originsmod_bathmobile', '[9,[13368,8591.33,0]]', 'Chertova Styena');
INSERT INTO `object_spawns` VALUES ('0000000000324', 'UAZ_MG_Ori', '[163,[17207.3,5650.31,0]]', 'military base south of Stare Pole');
INSERT INTO `object_spawns` VALUES ('0000000000325', 'Pickup_PK_DZ', '[89,[16428.8,14267.4,0]]', 'Martin military base ( barracks)');
INSERT INTO `object_spawns` VALUES ('0000000000326', 'UAZ_MG_Ori', '[68,[12604.4,14406.3,0]]', 'Chrveni Gradok firestation');
INSERT INTO `object_spawns` VALUES ('0000000000327', 'ori_rth_originsmod_bathmobile', '[59,[11098.3,18706.2,0]]', 'Ekaterinburg');
INSERT INTO `object_spawns` VALUES ('0000000000328', 'UAZ_MG_Ori', '[238,[14011.1,12408.4,0]]', 'Solibor military base');
INSERT INTO `object_spawns` VALUES ('0000500000329', 'PBX_Ori', '[210,[5305.11,9213.32,0]]', 'Shore near Bilgrad Na Moru');
INSERT INTO `object_spawns` VALUES ('0000500000330', 'Fishing_Boat_DZ', '[39,[4893.85,8662.77,0]]', 'Shore of Primorsk');
INSERT INTO `object_spawns` VALUES ('0000500000331', 'ori_titanic', '[72,[5725.44,10986,0]]', 'Borovska Lighthouse');
INSERT INTO `object_spawns` VALUES ('0000500000332', 'ori_smallRaft', '[131,[7179.07,10223,0]]', 'Shore near Vucor');
INSERT INTO `object_spawns` VALUES ('0000500000333', 'Fishing_Boat_DZ', '[131,[9016.48,8918.07,0]]', 'Shore near Nekmir');
INSERT INTO `object_spawns` VALUES ('0000500000334', 'Zodiac_Ori', '[345,[11426,6967.47,0]]', 'Krkav Shore');
INSERT INTO `object_spawns` VALUES ('0000500000335', 'Fishing_Boat_DZ', '[148,[10850.9,6061.89,0]]', 'Komarovo Lighthouse');
INSERT INTO `object_spawns` VALUES ('0000500000336', 'ori_submarine', '[327,[11902.8,1556.55,0]]', 'Vodice');
INSERT INTO `object_spawns` VALUES ('0000500000337', 'Zodiac_Ori', '[90,[10120.1,5358.97,0]]', 'Bashka Luka shore');
INSERT INTO `object_spawns` VALUES ('0000500000338', 'Fishing_Boat_DZ', '[334,[16789.4,4734.12,0]]', 'Chertovo Oko Southwest shore');
INSERT INTO `object_spawns` VALUES ('0000500000339', 'ori_bigRaft', '[188,[10521.4,16779.3,0]]', 'Lyubol harbor');
INSERT INTO `object_spawns` VALUES ('0000500000340', 'ori_smallRaft', '[169,[10360.8,16778.9,0]]', 'Lyubol harbor');
INSERT INTO `object_spawns` VALUES ('0000500000341', 'Fishing_Boat_DZ', '[163,[9750.54,14107.1,0]]', 'Cherveny Les Lighthouse');
INSERT INTO `object_spawns` VALUES ('0000500000342', 'PBX_Ori', '[219,[7449.91,22134,0]]', 'Helfenburg northern Lighthouse');
INSERT INTO `object_spawns` VALUES ('0000500000343', 'ori_smallRaft', '[332,[15919.9,6182.26,0]]', 'Stare pole Lighthouse');
INSERT INTO `object_spawns` VALUES ('0000000000346', 'ATV_CZ_EP1', '[182,[5987.73,9882.42,0]]', 'Chernovar');
INSERT INTO `object_spawns` VALUES ('0000000000347', 'car_sedan', '[271,[6681.98,9811.98,0]]', 'Vedich');
INSERT INTO `object_spawns` VALUES ('0000000000348', 'MMT_Civ', '[186,[6735.83,9889.73,0]]', 'Vedich');
INSERT INTO `object_spawns` VALUES ('0000000000349', 'datsun1_civil_3_open', '[130,[9057.69,8128.55,0]]', 'Krasnoznamensk');
INSERT INTO `object_spawns` VALUES ('0000000000350', 'Lada2_TK_CIV_EP1', '[220,[9535.59,7952.92,0]]', 'Krasnoznamensk');
INSERT INTO `object_spawns` VALUES ('0000000000351', 'TT650_Civ', '[228,[9080.3,7858.84,0]]', 'Krasnoznamensk');
INSERT INTO `object_spawns` VALUES ('0000000000352', 'ATV_CZ_EP1', '[128,[8958.34,8343.56,0]]', 'Krasnoznamensk');
INSERT INTO `object_spawns` VALUES ('0000000000353', 'ori_ScrapBuggy', '[326,[8066.62,6557.08,0]]', 'Novi Dvor');
INSERT INTO `object_spawns` VALUES ('0000000000354', 'MMT_Civ', '[60,[8483.98,5597.04,0]]', 'Polyanka');
INSERT INTO `object_spawns` VALUES ('0000000000355', 'Old_bike_TK_CIV_EP1', '[151,[9148.38,5465.5,0]]', 'Kryvoe');
INSERT INTO `object_spawns` VALUES ('0000000000356', 'ATV_CZ_EP1', '[334,[11019.4,6679.71,0]]', 'Krkav');
INSERT INTO `object_spawns` VALUES ('0000000000357', 'datsun1_civil_2_covered', '[86,[10524.2,6581.97,0]]', 'Komarovo');
INSERT INTO `object_spawns` VALUES ('0000000000358', 'ATV_CZ_EP1', '[263,[10655.4,6465.89,0]]', 'Komarovo');
INSERT INTO `object_spawns` VALUES ('0000000000359', 'Old_bike_TK_CIV_EP1', '[48,[10862.9,6126.65,0]]', 'Komarovo');
INSERT INTO `object_spawns` VALUES ('0000000000360', 'car_hatchback', '[228,[10017.9,1323.86,0]]', 'Marina');
INSERT INTO `object_spawns` VALUES ('0000000000361', 'ori_ScrapBuggy', '[136,[9638.87,1751.53,0]]', 'Kosovo');
INSERT INTO `object_spawns` VALUES ('0000000000362', 'Ikarus_TK_CIV_EP1', '[221,[7582.17,4367.27,0]]', 'Branibor');
INSERT INTO `object_spawns` VALUES ('0000000000363', 'TT650_Civ', '[226,[7913.65,4156.75,0]]', 'Branibor');
INSERT INTO `object_spawns` VALUES ('0000000000364', 'Old_moto_TK_Civ_EP1', '[305,[7935.54,5362.72,0]]', 'Bled');
INSERT INTO `object_spawns` VALUES ('0000000000366', 'ATV_CZ_EP1', '[326,[10919.7,18760.9,0]]', 'Ekaterinburg');
INSERT INTO `object_spawns` VALUES ('0000000000367', 'Skoda', '[282,[11295.9,17805.4,0]]', 'Duge Selo');
INSERT INTO `object_spawns` VALUES ('0000000000368', 'ori_ScrapBuggy', '[28,[15335.2,16080.1,0]]', 'Sevastopol');
INSERT INTO `object_spawns` VALUES ('0000000000369', 'Old_moto_TK_Civ_EP1', '[359,[15455.9,16387.5,0]]', 'Sevastopol');
INSERT INTO `object_spawns` VALUES ('0000000000370', 'SUV_Special', '[195,[12441.5,13807.4,0]]', 'Doriyanov');
INSERT INTO `object_spawns` VALUES ('0000000000371', 'Old_bike_TK_CIV_EP1', '[274,[12480.9,13607.9,0]]', 'Doriyanov');
INSERT INTO `object_spawns` VALUES ('0000000000372', 'VWGolf', '[0,[11690.2,15167.7,0]]', 'Lypestok');
INSERT INTO `object_spawns` VALUES ('0000000000373', 'Lada1_TK_CIV_EP1', '[228,[11063.1,15440.8,0]]', 'Lypestok');
INSERT INTO `object_spawns` VALUES ('0000000000374', 'hilux1_civil_3_open_EP1', '[186,[11485.4,15949.6,0]]', 'Lypestok');
INSERT INTO `object_spawns` VALUES ('0000000000375', 'SUV_Special', '[232,[12223.3,15500.4,0]]', 'Lypestok');
INSERT INTO `object_spawns` VALUES ('0000000000376', 'TT650_Civ', '[315,[11776.9,15325.2,0]]', 'Lypestok');
INSERT INTO `object_spawns` VALUES ('0000000000377', 'ATV_CZ_EP1', '[231,[12347.5,15379.8,0]]', 'Lypestok');
INSERT INTO `object_spawns` VALUES ('0000000000343', 'ATV_CZ_EP1', '[132,[3334.44,7605.02,0]]', 'Stangrad');
INSERT INTO `object_spawns` VALUES ('0000000000344', 'MMT_Civ', '[353,[5335.44,8844.42,0]]', 'Bilgrad Na Moru');
INSERT INTO `object_spawns` VALUES ('0000000000345', 'datsun1_civil_3_open', '[270,[5737.02,9900.18,0]]', 'Chernovar');
INSERT INTO `object_spawns` VALUES ('0000000000379', 'ATV_CZ_EP1', '[92,[13551,13550.6,0]]', 'Vinograd');
INSERT INTO `object_spawns` VALUES ('0000000000380', 'Old_bike_TK_CIV_EP1', '[275,[16325.9,13604.8,0]]', 'Martin');
INSERT INTO `object_spawns` VALUES ('0000000000381', 'MMT_Civ', '[271,[16326.1,13608.2,0]]', 'Martin');
INSERT INTO `object_spawns` VALUES ('0000000000382', 'SUV_Special', '[184,[16247.6,11578.6,0]]', 'Dubovo');
INSERT INTO `object_spawns` VALUES ('0000000000383', 'hilux1_civil_3_open_EP1', '[90,[16163,11495.5,0]]', 'Dubovo');
INSERT INTO `object_spawns` VALUES ('0000000000384', 'ATV_CZ_EP1', '[270,[16195.2,11601.9,0]]', 'Dubovo');
INSERT INTO `object_spawns` VALUES ('0000000000386', 'ori_scrapTank', '[120,[15197.7,7772.87,0]]', 'Boye');
INSERT INTO `object_spawns` VALUES ('0000000000387', 'ATV_CZ_EP1', '[2,[16310.1,7380.83,0]]', 'Krushevich');
INSERT INTO `object_spawns` VALUES ('0000000000388', 'ori_scrapTank', '[78,[16464.1,9770.87,0]]', '');
INSERT INTO `object_spawns` VALUES ('0000500000389', 'UH1H_Ori', '[182,[22689,19845,0]]', 'Sektor B');
INSERT INTO `object_spawns` VALUES ('0000500000390', 'Mi17_Ori', '[232,[22707.3,19614.5,0]]', 'Sektor B');
INSERT INTO `object_spawns` VALUES ('0000500000391', 'Mi17_Ori', '[2,[22689.2,19196,0]]', 'Sektor B Start AirF');
INSERT INTO `object_spawns` VALUES ('0000500000392', 'UH1H_Ori', '[219,[22552.3,19667.4,0]]', 'Sektor B');
INSERT INTO `object_spawns` VALUES ('0000500000393', 'ori_scrapTank', '[95,[22558.3,19687.5,0]]', 'Sektor B Bonus');
INSERT INTO `object_spawns` VALUES ('0000500000394', 'ori_scrapTank', '[309,[22741,19305.5,0]]', 'Sektor B Bonus');
INSERT INTO `object_spawns` VALUES ('0000500000395', 'ori_scrapTank', '[221,[22750.3,19468.2,0]]', 'Sektor B Bonus');
INSERT INTO `object_spawns` VALUES ('0000500000396', 'ori_bigRaft', '[7,[21902.6,19331.9,0]]', 'Sektor B Bereg');
INSERT INTO `object_spawns` VALUES ('0000500000397', 'ori_submarine', '[38,[21774.4,19523.4,0]]', 'Sektor B Bereg');
INSERT INTO `object_spawns` VALUES ('0000500000398', 'ori_bigRaft', '[29,[21770.2,19821.1,0]]', 'Sektor B Bereg');
INSERT INTO `object_spawns` VALUES ('0000500000399', 'ori_titanic', '[78,[21979.7,20095.1,0]]', 'Sektor B Bereg');
INSERT INTO `object_spawns` VALUES ('0000500000400', 'ori_bigRaft', '[42,[22818.6,20391.5,0]]', 'Sektor B Bereg');
INSERT INTO `object_spawns` VALUES ('0000500000401', 'ori_smallRaft', '[233,[23116.7,20111,0]]', 'Sektor B Bereg');
INSERT INTO `object_spawns` VALUES ('0000500000402', 'ori_bigRaft', '[35,[23262.6,19802.5,0]]', 'Sektor B Bereg');
INSERT INTO `object_spawns` VALUES ('0000500000403', 'ori_titanic', '[121,[23300.9,19463.1,0]]', 'Sektor B Bereg');
INSERT INTO `object_spawns` VALUES ('0000500000404', 'ori_bigRaft', '[9,[23283.1,19244.2,0]]', 'Sektor B Bereg');
INSERT INTO `object_spawns` VALUES ('0000500000405', 'ori_smallRaft', '[0,[22964.3,18910.3,0]]', 'Sektor B Bereg');
INSERT INTO `object_spawns` VALUES ('0000500000406', 'ori_titanic', '[0,[22516.5,18786.4,0]]', 'Sektor B Bereg');
INSERT INTO `object_spawns` VALUES ('0000500000407', 'ori_bigRaft', '[134,[10265.7,16715.5,0]]', 'Lubol');
INSERT INTO `object_spawns` VALUES ('0000500000408', 'ori_smallRaft', '[0,[10656.3,16642.5,0]]', 'Lubol');
INSERT INTO `object_spawns` VALUES ('0000500000409', 'ori_bigRaft', '[0,[9465.59,14576.5,0]]', 'Proliv Lubol');
INSERT INTO `object_spawns` VALUES ('0000500000410', 'ori_submarine', '[192,[9886.85,14238.4,0]]', 'Proliv Lubol');
INSERT INTO `object_spawns` VALUES ('0000500000411', 'ori_bigRaft', '[0,[7833.28,19173.6,0]]', null);
INSERT INTO `object_spawns` VALUES ('0000500000412', 'ori_smallRaft', '[0,[7549.65,20378.8,0]]', null);
INSERT INTO `object_spawns` VALUES ('0000500000413', 'ori_bigRaft', '[80,[7302.73,21060.3,0]]', null);
INSERT INTO `object_spawns` VALUES ('0000500000414', 'ori_smallRaft', '[0,[17136.3,14103.9,0]]', null);
INSERT INTO `object_spawns` VALUES ('0000500000415', 'ori_bigRaft', '[243,[16220.8,16089.3,0]]', null);
INSERT INTO `object_spawns` VALUES ('0000500000416', 'ori_submarine', '[357,[15392.6,18204.7,0]]', null);
INSERT INTO `object_spawns` VALUES ('0000500000417', 'ori_bigRaft', '[0,[2451.93,8157.98,0]]', null);
INSERT INTO `object_spawns` VALUES ('0000500000418', 'ori_pragaCopter_yellow', '[0,[4632.15,6349.35,0]]', '');
INSERT INTO `object_spawns` VALUES ('0000500000419', 'ori_pragaCopter_yellow', '[0,[4349.91,8068.19,0]]', null);
INSERT INTO `object_spawns` VALUES ('0000500000420', 'ori_pragaCopter_yellow', '[210,[5471.15,8590.72,0]]', null);
INSERT INTO `object_spawns` VALUES ('0000500000421', 'ori_pragaCopter_yellow', '[94,[8352.01,20842.8,0]]', null);
INSERT INTO `object_spawns` VALUES ('0000500000422', 'ori_pragaCopter_yellow', '[0,[9946.07,18675.1,0]]', null);
INSERT INTO `object_spawns` VALUES ('0000500000423', 'ori_pragaCopter_yellow', '[339,[10449.6,17614.4,0]]', null);
INSERT INTO `object_spawns` VALUES ('0000500000424', 'ori_pragaCopter_green', '[234,[13036.3,14384,0]]', 'g');
INSERT INTO `object_spawns` VALUES ('0000500000425', 'ori_pragaCopter_green', '[358,[15142.1,15854.1,0]]', null);
INSERT INTO `object_spawns` VALUES ('0000500000426', 'ori_pragaCopter_green', '[312,[16438.4,10382.3,0]]', null);
INSERT INTO `object_spawns` VALUES ('0000500000427', 'ori_ScrapBuggy', '[66,[17097.7,7822.61,0]]', null);
INSERT INTO `object_spawns` VALUES ('0000500000428', 'ori_ScrapBuggy', '[126,[17475.1,6208.98,0]]', null);
INSERT INTO `object_spawns` VALUES ('0000500000429', 'ori_ScrapBuggy', '[85,[16808.1,12630,0]]', null);
INSERT INTO `object_spawns` VALUES ('0000500000430', 'ori_ScrapBuggy', '[57,[15213.1,17015.3,0]]', null);
INSERT INTO `object_spawns` VALUES ('0000500000431', 'Ori_DC3', '[20,[22852.6,19182.4,0]]', 'Sector B');
INSERT INTO `object_spawns` VALUES ('0000500000432', 'ori_vil_originsmod_truck_civ2', '[233,[5102.6,6293.02,0]]', null);
INSERT INTO `object_spawns` VALUES ('0000500000433', 'ori_vil_originsmod_lublin_truck', '[148,[4715.7,8207.52,0]]', null);
INSERT INTO `object_spawns` VALUES ('0000500000434', 'ori_vil_originsmod_truck_civ1', '[267,[3426.43,7807.62,0]]', null);
INSERT INTO `object_spawns` VALUES ('0000500000435', 'ori_vil_originsmod_volvo_fl290', '[172,[7452.45,4101.49,0]]', null);
INSERT INTO `object_spawns` VALUES ('0000500000436', 'ori_vil_originsmod_truck_civ', '[252,[7834.52,4532.11,0]]', null);
INSERT INTO `object_spawns` VALUES ('0000500000437', 'ori_p85_originsmod_cucv_pickup', '[236,[8150.87,4992.57,0]]', 'small car');
INSERT INTO `object_spawns` VALUES ('0000500000438', 'ori_p85_originsmod_CUCV', '[145,[8238.77,5015.45,0]]', null);
INSERT INTO `object_spawns` VALUES ('0000500000439', 'ori_p85_originsmod_cucv_pickup', '[232,[8157.2,5024.86,0]]', null);
INSERT INTO `object_spawns` VALUES ('0000500000440', 'ori_p85_originsmod_CUCV', '[169,[11435.5,671.487,0]]', null);
INSERT INTO `object_spawns` VALUES ('0000500000441', 'ori_vil_originsmod_truck_civ1', '[231,[11840.4,1420.83,0]]', null);
INSERT INTO `object_spawns` VALUES ('0000500000442', 'ori_vil_originsmod_volvo_fl290', '[313,[10940.7,2128.72,0]]', null);
INSERT INTO `object_spawns` VALUES ('0000500000443', 'ori_p85_originsmod_CUCV', '[134,[9547.76,5737.86,0]]', 'small car');
INSERT INTO `object_spawns` VALUES ('0000500000444', 'ori_vil_originsmod_truck_civ', '[49,[8806.59,8242.25,0]]', null);
INSERT INTO `object_spawns` VALUES ('0000500000445', 'ori_vil_originsmod_lublin_truck', '[144,[12459.6,11796.2,0]]', null);
INSERT INTO `object_spawns` VALUES ('0000500000446', 'ori_vil_originsmod_truck_civ1', '[142,[12605.4,12006.2,0]]', null);
INSERT INTO `object_spawns` VALUES ('0000500000447', 'ori_p85_originsmod_CUCV', '[72,[12791.6,11999.2,0]]', 'small car');
INSERT INTO `object_spawns` VALUES ('0000500000448', 'ori_p85_originsmod_cucv_pickup', '[4,[12786.1,11704.3,0]]', 'small car');
INSERT INTO `object_spawns` VALUES ('0000500000449', 'ori_vil_originsmod_lublin_truck', '[289,[17224.3,6902.72,0]]', null);
INSERT INTO `object_spawns` VALUES ('0000500000450', 'ori_vil_originsmod_truck_civ2', '[0,[17424.9,7501.15,0]]', null);
INSERT INTO `object_spawns` VALUES ('0000500000451', 'ori_vil_originsmod_volvo_fl290', '[93,[17407.3,7677.6,0]]', 'p');
INSERT INTO `object_spawns` VALUES ('0000500000452', 'ori_vil_originsmod_truck_civ', '[94,[16302.2,8816.24,0]]', null);
INSERT INTO `object_spawns` VALUES ('0000500000453', 'ori_vil_originsmod_truck_civ1', '[73,[15118.6,14785.2,0]]', null);
INSERT INTO `object_spawns` VALUES ('0000500000454', 'ori_p85_originsmod_cucv_pickup', '[83,[15087.1,14873.6,0]]', 'small car');
INSERT INTO `object_spawns` VALUES ('0000500000455', 'ori_vil_originsmod_volvo_fl290', '[289,[15137,14910.4,0]]', 'p');
INSERT INTO `object_spawns` VALUES ('0000500000456', 'ori_vil_originsmod_truck_civ2', '[90,[15359.8,16423.4,0]]', null);
INSERT INTO `object_spawns` VALUES ('0000500000457', 'ori_vil_originsmod_lublin_truck', '[24,[15569.1,16019.5,0]]', null);
INSERT INTO `object_spawns` VALUES ('0000500000458', 'ori_vil_originsmod_truck_civ', '[262,[11876.8,18618.3,0]]', null);
INSERT INTO `object_spawns` VALUES ('0000500000459', 'ori_p85_originsmod_cucv_pickup', '[268,[9009.84,19351.9,0]]', null);
INSERT INTO `object_spawns` VALUES ('0000500000460', 'ori_vil_originsmod_truck_civ2', '[156,[10109.1,18055.1,0]]', null);
INSERT INTO `object_spawns` VALUES ('0000500000461', 'ori_vil_originsmod_volvo_fl290', '[319,[10622.9,17315.7,0]]', 'p');
INSERT INTO `object_spawns` VALUES ('0000500000462', 'ori_vil_originsmod_volvo_fl290', '[102,[10145.1,18735.2,0]]', 'p');
INSERT INTO `object_spawns` VALUES ('0000500000463', 'ori_titanic', '[0,[11519.7,329.167,0]]', null);
INSERT INTO `object_spawns` VALUES ('0000500000464', 'ori_titanic', '[345,[10089.3,3713.94,0]]', null);
INSERT INTO `object_spawns` VALUES ('0000500000465', 'ori_titanic', '[0,[5207,5616.89,0]]', null);
INSERT INTO `object_spawns` VALUES ('0000500000466', 'ori_titanic', '[358,[8715.87,9137.31,0]]', null);
INSERT INTO `object_spawns` VALUES ('0000500000467', 'ori_titanic', '[46,[10235.4,7841.43,0]]', null);
INSERT INTO `object_spawns` VALUES ('0000500000468', 'ori_titanic', '[110,[15899.5,10823.5,0]]', null);
INSERT INTO `object_spawns` VALUES ('0000500000469', 'ori_titanic', '[160,[17420.1,13182,0]]', null);
INSERT INTO `object_spawns` VALUES ('0000500000470', 'ori_titanic', '[96,[15174.1,17240.7,0]]', null);
INSERT INTO `object_spawns` VALUES ('0000500000471', 'ori_titanic', '[277,[11496.3,18552.3,0]]', null);
INSERT INTO `object_spawns` VALUES ('0000500000472', 'ori_titanic', '[14,[10834.3,14053,0]]', null);
INSERT INTO `object_spawns` VALUES ('0000500000473', 'ori_titanic', '[238,[9198.25,21524.6,0]]', null);
INSERT INTO `object_spawns` VALUES ('0000500000474', 'ori_excavator', '[64,[2439.05,16289,0.02]]', 'Bagger');
INSERT INTO `object_spawns` VALUES ('0000500000475', 'ori_excavator', '[338,[5452.88,19673.301,0.002]]', 'Bagger');
INSERT INTO `object_spawns` VALUES ('0000500000476', 'ori_excavator', '[128,[12412.2,13952,0.001]]', 'Bagger');
INSERT INTO `object_spawns` VALUES ('0000500000477', 'ORI_gunship_helicopter', '[172,[3635.74,15866.6,0.014]]', 'FF');
INSERT INTO `object_spawns` VALUES ('0000500000478', 'HC3_Merlin_Ori', '[356,[5566.3,16097.8,0.001]]', 'Merlin');
INSERT INTO `object_spawns` VALUES ('0000500000479', 'ori_survivorBus', '[190,[5667.27,16135.4,0.001]]', null);
INSERT INTO `object_spawns` VALUES ('0000500000480', 'ori_survivorBus', '[236,[5212.14,17765.301,0.001]]', null);
INSERT INTO `object_spawns` VALUES ('0000500000481', 'ori_survivorBus', '[91,[1822.99,17041.699,0.001]]', null);
INSERT INTO `object_spawns` VALUES ('0000500000482', 'UAZ_RU', '[96,[5449.7,16716.301,0.001]]', null);
INSERT INTO `object_spawns` VALUES ('0000500000483', 'UAZ_RU', '[118,[4901.04,17637.4,0.001]]', null);
INSERT INTO `object_spawns` VALUES ('0000500000484', 'S1203_TK_CIV_EP1', '[74,[5569.39,16727.801,0.001]]', null);
INSERT INTO `object_spawns` VALUES ('0000500000485', 'ori_originsmod_pickupoldfuel', '[52,[2511.44,17666.801,0.001]]', null);
INSERT INTO `object_spawns` VALUES ('0000500000486', 'ori_originsmod_pickupold', '[280,[5836.78,17320.699,0.001]]', null);
INSERT INTO `object_spawns` VALUES ('0000500000487', 'KamazOpen_Ori', '[277,[5625.35,18318.4,0.001]]', null);
INSERT INTO `object_spawns` VALUES ('0000500000488', 'KamazOpen_Ori', '[249,[4749.55,16502.4,0.001]]', null);
INSERT INTO `object_spawns` VALUES ('0000500000489', 'KamazOpen_Ori', '[243,[12775.6,14514.1,0.001]]', null);
INSERT INTO `object_spawns` VALUES ('0000500000490', 'Kamaz_Ori', '[1,[3126.64,17617.699,0.002]]', null);
INSERT INTO `object_spawns` VALUES ('0000500000491', 'Kamaz_Ori', '[321,[2747.54,16683.5,0.001]]', null);
INSERT INTO `object_spawns` VALUES ('0000500000492', 'Kamaz_Ori', '[5,[2200.41,16750.9,0.001]]', null);
INSERT INTO `object_spawns` VALUES ('0000500000493', 'datsun1_civil_3_open', '[341,[5441.82,14815.8,0.001]]', null);
INSERT INTO `object_spawns` VALUES ('0000500000494', 'Volha_2_TK_CIV_EP1', '[85,[3859.8,17621.5,0.001]]', null);
INSERT INTO `object_spawns` VALUES ('0000500000495', 'Lada2_TK_CIV_EP1', '[355,[2117.59,17102.5,0.001]]', null);
INSERT INTO `object_spawns` VALUES ('0000500000496', 'SUV_Special', '[198,[2826.54,17256.699,0.002]]', null);
INSERT INTO `object_spawns` VALUES ('0000500000497', 'VWGolf', '[270,[2006.41,17238.4,0.001]]', null);
INSERT INTO `object_spawns` VALUES ('0000500000498', 'ori_vil_originsmod_volvo_fl290', '[324,[4472.4,14095.5,0.001]]', null);
INSERT INTO `object_spawns` VALUES ('0000500000499', 'car_hatchback', '[181,[3918.73,17819,0.001]]', null);
INSERT INTO `object_spawns` VALUES ('0000500000500', 'UralCivil', '[115,[8437.82,10860,0.001]]', null);
INSERT INTO `object_spawns` VALUES ('0000500000501', 'Offroad_MG_Ori', '[250,[5951.62,17588.1,0.001]]', null);
INSERT INTO `object_spawns` VALUES ('0000500000502', 'Ka60c_Ori', '[324,[11973.7,7663.04,53.384]]', null);
INSERT INTO `object_spawns` VALUES ('0000500000503', 'MH6J_Ori', '[38,[3848.53,6992.59,10.793]]', null);
INSERT INTO `object_spawns` VALUES ('0000500000504', 'MH60S_Ori', '[175,[3820.74,10834.9,47.855]]', null);
INSERT INTO `object_spawns` VALUES ('0000500000505', 'MH60S_Ori', '[137,[20947.1,13050.1,48.129]]', null);
INSERT INTO `object_spawns` VALUES ('0000500000506', 'HMMWV_Ori', '[178,[1333.16,18092.199,0.001]]', null);
INSERT INTO `object_spawns` VALUES ('0000500000507', 'HMMWV_Ori', '[158,[1161.54,19197.301,0.002]]', null);
INSERT INTO `object_spawns` VALUES ('0000500000508', 'LandRover_MG_Ori', '[277,[1460.21,17409.199,0.001]]', null);
INSERT INTO `object_spawns` VALUES ('0000500000509', 'LandRover_MG_Ori', '[302,[1688.39,18201.6,0.001]]', null);
INSERT INTO `object_spawns` VALUES ('0000500000510', 'Mi171ShCZ_Ori', '[2,[1049.98,18132.6,0.001]]', null);
INSERT INTO `object_spawns` VALUES ('0000500000511', 'Mi171ShCZ_Ori', '[4,[19431.199,21037,0.001]]', null);
INSERT INTO `object_spawns` VALUES ('0000500000512', 'SUV_MG_Ori', '[87,[3776.98,17178.4,0.001]]', null);
INSERT INTO `object_spawns` VALUES ('0000500000513', 'SUV_MG_Ori', '[288,[2632.08,16247.1,0.001]]', null);
